Flight_Date,Flight_Number,Airline,Origin,Destination,Delay_Minutes,Cancelled,Delay_Reason
1/31/2023,AI581,SpiceJet,PNQ,CCU,122,No,Late Arrival
12/30/2023,AI2790,IndiGo,DEL,HYD,78,No,Operational
5/10/2022,AI214,SpiceJet,CCU,BLR,216,No,Technical
7/18/2023,AI8066,Vistara,BOM,HYD,230,No,Air Traffic
2/4/2023,AI630,Air India,BLR,BLR,172,No,Technical
12/31/2022,AI2237,AirAsia India,PNQ,HYD,205,No,Technical
9/20/2024,AI2187,GoAir,BLR,DEL,11,No,Operational
11/10/2022,AI3573,AirAsia India,HYD,HYD,53,No,Technical
6/26/2024,AI8445,Vistara,CCU,HYD,73,No,Late Arrival
5/1/2020,AI3627,IndiGo,MAA,BLR,129,No,Operational
4/11/2021,AI3312,GoAir,MAA,PNQ,97,No,Technical
5/23/2023,AI4799,Air India,MAA,BOM,42,No,Air Traffic
11/26/2020,AI6448,Vistara,BOM,BLR,223,No,Weather
1/22/2024,AI7969,GoAir,PNQ,BLR,18,No,Operational
3/28/2020,AI8652,Vistara,CCU,BLR,101,No,Operational
10/28/2023,AI3436,Vistara,CCU,MAA,14,No,Crew
1/28/2023,AI5157,Air India,MAA,PNQ,57,No,Technical
5/21/2022,AI3591,SpiceJet,MAA,MAA,217,No,Weather
8/14/2024,AI6212,GoAir,HYD,MAA,134,No,Air Traffic
5/10/2020,AI2837,Air India,DEL,BLR,288,No,Late Arrival
8/12/2024,AI8131,Vistara,DEL,BOM,7,No,Operational
8/25/2023,AI6441,Air India,BLR,BLR,156,No,Late Arrival
2/8/2022,AI5879,SpiceJet,BLR,DEL,103,No,Late Arrival
12/9/2020,AI1127,AirAsia India,CCU,BOM,289,No,Late Arrival
2/24/2024,AI4967,GoAir,CCU,MAA,238,No,Crew
12/8/2023,AI4641,SpiceJet,BOM,HYD,95,No,Late Arrival
3/16/2022,AI9032,IndiGo,BOM,HYD,61,No,Technical
1/20/2021,AI1495,GoAir,DEL,PNQ,89,No,Technical
4/30/2023,AI1486,SpiceJet,BLR,CCU,266,No,Weather
8/13/2022,AI8877,Vistara,DEL,PNQ,259,No,Weather
10/3/2020,AI395,GoAir,DEL,BOM,177,No,Air Traffic
3/30/2023,AI7799,GoAir,BLR,MAA,175,No,Late Arrival
4/4/2021,AI9700,Air India,PNQ,BOM,,Yes,
8/30/2023,AI9714,Vistara,BOM,BOM,22,No,Late Arrival
1/22/2020,AI4242,IndiGo,HYD,HYD,185,No,Crew
9/9/2020,AI642,AirAsia India,HYD,BLR,261,No,Late Arrival
1/17/2022,AI3765,SpiceJet,HYD,DEL,30,No,Late Arrival
5/6/2022,AI1706,Air India,BLR,CCU,225,No,Late Arrival
5/3/2024,AI5039,SpiceJet,MAA,MAA,241,No,Operational
4/19/2021,AI4993,IndiGo,MAA,BOM,46,No,Operational
12/18/2022,AI7243,IndiGo,MAA,CCU,83,No,Crew
5/25/2021,AI4806,GoAir,CCU,BOM,249,No,Crew
9/1/2024,AI5120,IndiGo,BOM,HYD,158,No,Technical
2/8/2024,AI7797,SpiceJet,BOM,DEL,24,No,Crew
11/30/2021,AI8565,Vistara,PNQ,HYD,290,No,Air Traffic
9/2/2022,AI2172,Vistara,PNQ,CCU,216,No,Technical
12/11/2024,AI3955,GoAir,CCU,MAA,162,No,Late Arrival
7/8/2020,AI1097,AirAsia India,DEL,BOM,111,No,Crew
8/15/2022,AI9882,SpiceJet,PNQ,DEL,67,No,Air Traffic
11/17/2021,AI2117,SpiceJet,HYD,HYD,125,No,Crew
8/15/2022,AI5294,IndiGo,MAA,CCU,58,No,Crew
7/16/2021,AI6822,SpiceJet,HYD,HYD,221,No,Technical
5/9/2024,AI736,Air India,MAA,BOM,236,No,Technical
6/21/2023,AI8225,AirAsia India,HYD,BOM,276,No,Weather
4/11/2022,AI7832,IndiGo,DEL,MAA,33,No,Technical
3/8/2024,AI1902,Air India,HYD,DEL,8,No,Technical
2/28/2023,AI6422,GoAir,HYD,BLR,1,No,Operational
2/17/2024,AI1595,Vistara,BLR,HYD,247,No,Crew
10/8/2021,AI957,GoAir,HYD,BOM,122,No,Technical
1/21/2020,AI5508,Vistara,BLR,CCU,36,No,Crew
4/20/2022,AI2814,GoAir,BOM,HYD,209,No,Crew
6/15/2020,AI3548,SpiceJet,CCU,MAA,291,No,Operational
7/21/2023,AI9403,Air India,HYD,MAA,200,No,Crew
1/22/2021,AI6832,Vistara,BOM,BOM,277,No,Air Traffic
8/23/2021,AI1162,IndiGo,PNQ,BOM,51,No,Technical
11/11/2020,AI4001,Air India,PNQ,BOM,155,No,Crew
1/14/2020,AI5146,IndiGo,BLR,PNQ,84,No,Weather
8/29/2020,AI1627,Air India,HYD,BLR,,Yes,
2/15/2022,AI3104,Air India,HYD,BOM,84,No,Weather
10/1/2023,AI7400,GoAir,DEL,HYD,216,No,Operational
7/18/2021,AI821,Vistara,BOM,HYD,267,No,Air Traffic
6/16/2022,AI7628,Vistara,MAA,PNQ,101,No,Technical
9/25/2023,AI7042,Air India,MAA,PNQ,137,No,Operational
4/1/2020,AI1614,SpiceJet,DEL,DEL,48,No,Weather
10/22/2023,AI7844,SpiceJet,BLR,CCU,66,No,Air Traffic
8/13/2022,AI8998,IndiGo,MAA,BOM,,Yes,
1/18/2024,AI5783,IndiGo,MAA,HYD,154,No,Technical
12/22/2023,AI8026,GoAir,PNQ,PNQ,239,No,Crew
5/23/2021,AI5445,Air India,PNQ,HYD,263,No,Technical
2/14/2022,AI8671,IndiGo,CCU,HYD,249,No,Late Arrival
2/4/2020,AI4971,IndiGo,BOM,PNQ,242,No,Technical
7/24/2020,AI7467,AirAsia India,BLR,BLR,293,No,Crew
1/9/2023,AI7562,Air India,HYD,PNQ,172,No,Late Arrival
5/4/2024,AI613,GoAir,BOM,PNQ,57,No,Air Traffic
11/12/2023,AI487,IndiGo,BLR,CCU,97,No,Operational
10/22/2022,AI5222,GoAir,MAA,PNQ,60,No,Air Traffic
10/18/2022,AI7318,Vistara,CCU,MAA,58,No,Technical
11/14/2023,AI5998,GoAir,BOM,PNQ,61,No,Operational
7/19/2021,AI1837,SpiceJet,MAA,HYD,203,No,Technical
2/3/2023,AI3534,SpiceJet,BLR,BOM,276,No,Weather
11/30/2024,AI2166,GoAir,BOM,HYD,132,No,Weather
2/9/2024,AI7624,SpiceJet,HYD,CCU,255,No,Crew
12/3/2021,AI7636,Vistara,BOM,MAA,,Yes,
2/5/2021,AI9121,Air India,MAA,PNQ,279,No,Air Traffic
12/30/2021,AI986,SpiceJet,BOM,BLR,220,No,Weather
4/28/2024,AI6192,SpiceJet,HYD,DEL,117,No,Late Arrival
6/10/2020,AI2620,GoAir,CCU,PNQ,195,No,Late Arrival
7/20/2020,AI2775,Vistara,CCU,BOM,151,No,Technical
9/22/2022,AI1041,Air India,MAA,DEL,227,No,Operational
9/26/2020,AI9467,GoAir,BLR,BLR,155,No,Late Arrival
3/26/2022,AI8597,GoAir,MAA,CCU,198,No,Technical
7/18/2023,AI2865,AirAsia India,CCU,CCU,48,No,Operational
3/31/2021,AI5420,Vistara,DEL,BLR,291,No,Weather
1/25/2024,AI8302,Air India,DEL,HYD,47,No,Technical
10/16/2024,AI8794,Vistara,BOM,BLR,,Yes,
6/29/2023,AI3848,Air India,HYD,PNQ,,Yes,
10/13/2022,AI6156,Vistara,PNQ,BOM,140,No,Operational
9/21/2024,AI9871,GoAir,PNQ,MAA,220,No,Crew
10/22/2020,AI2640,GoAir,PNQ,PNQ,15,No,Air Traffic
10/14/2024,AI9515,IndiGo,BOM,PNQ,281,No,Air Traffic
12/20/2021,AI5686,SpiceJet,DEL,PNQ,,Yes,
11/7/2024,AI2789,AirAsia India,CCU,DEL,29,No,Crew
12/3/2020,AI2936,Vistara,BOM,DEL,204,No,Late Arrival
5/28/2022,AI998,AirAsia India,PNQ,CCU,108,No,Air Traffic
12/12/2022,AI814,IndiGo,PNQ,PNQ,16,No,Operational
3/2/2022,AI1810,SpiceJet,MAA,HYD,130,No,Crew
8/4/2020,AI1202,Vistara,PNQ,CCU,27,No,Late Arrival
2/2/2022,AI7104,Air India,HYD,BOM,276,No,Technical
7/6/2020,AI6627,SpiceJet,PNQ,BLR,149,No,Technical
1/14/2021,AI6172,GoAir,MAA,DEL,190,No,Operational
5/7/2021,AI9948,IndiGo,PNQ,PNQ,147,No,Operational
11/30/2022,AI4153,SpiceJet,HYD,BOM,126,No,Operational
3/26/2023,AI3427,SpiceJet,CCU,CCU,183,No,Air Traffic
1/15/2020,AI9678,GoAir,BOM,CCU,151,No,Operational
3/5/2020,AI1278,Vistara,HYD,DEL,68,No,Crew
6/4/2021,AI5268,Air India,MAA,CCU,55,No,Crew
9/29/2023,AI6568,GoAir,BOM,HYD,7,No,Late Arrival
2/26/2023,AI5699,Air India,BOM,CCU,262,No,Crew
10/9/2021,AI279,Vistara,MAA,MAA,262,No,Air Traffic
2/4/2024,AI4745,SpiceJet,DEL,BLR,238,No,Technical
12/22/2022,AI2050,Air India,PNQ,CCU,300,No,Late Arrival
3/8/2023,AI616,IndiGo,HYD,MAA,177,No,Crew
3/2/2024,AI3384,IndiGo,MAA,BOM,178,No,Operational
8/15/2021,AI5801,GoAir,CCU,CCU,195,No,Crew
1/26/2021,AI1002,Vistara,BLR,HYD,246,No,Weather
8/25/2024,AI2554,GoAir,MAA,BOM,80,No,Late Arrival
2/22/2021,AI1945,GoAir,PNQ,PNQ,17,No,Air Traffic
10/15/2020,AI6267,AirAsia India,PNQ,CCU,188,No,Crew
1/13/2021,AI6699,GoAir,BOM,DEL,139,No,Crew
12/1/2024,AI9625,AirAsia India,BOM,MAA,64,No,Air Traffic
2/22/2024,AI834,IndiGo,MAA,MAA,30,No,Technical
8/18/2020,AI5101,IndiGo,BLR,DEL,112,No,Operational
10/14/2022,AI725,GoAir,MAA,BLR,,Yes,
2/10/2020,AI3574,IndiGo,BLR,PNQ,104,No,Operational
11/17/2022,AI3717,Vistara,BLR,HYD,129,No,Technical
5/14/2020,AI7230,AirAsia India,PNQ,MAA,178,No,Technical
7/19/2020,AI6380,AirAsia India,PNQ,BOM,49,No,Weather
2/18/2022,AI9164,GoAir,PNQ,HYD,,Yes,
7/18/2022,AI1543,IndiGo,CCU,MAA,5,No,Air Traffic
11/22/2022,AI8510,Air India,PNQ,PNQ,222,No,Late Arrival
12/7/2022,AI5168,AirAsia India,HYD,BLR,,Yes,
5/17/2021,AI8067,GoAir,BOM,PNQ,169,No,Operational
2/10/2021,AI9080,GoAir,BOM,BOM,266,No,Technical
5/16/2024,AI1095,Vistara,BLR,PNQ,77,No,Technical
10/17/2024,AI694,SpiceJet,BOM,HYD,11,No,Air Traffic
3/15/2022,AI1918,SpiceJet,DEL,BOM,19,No,Late Arrival
4/8/2020,AI1306,AirAsia India,BLR,DEL,257,No,Technical
11/14/2021,AI6526,Vistara,BOM,CCU,182,No,Weather
12/26/2021,AI4090,Vistara,DEL,DEL,140,No,Late Arrival
4/19/2024,AI1464,Vistara,CCU,HYD,,Yes,
8/18/2022,AI3921,AirAsia India,BOM,CCU,130,No,Weather
10/28/2024,AI8344,SpiceJet,DEL,DEL,132,No,Crew
9/4/2021,AI7985,Vistara,MAA,CCU,242,No,Operational
1/25/2024,AI5743,IndiGo,HYD,MAA,17,No,Technical
10/4/2021,AI7800,GoAir,MAA,PNQ,102,No,Late Arrival
11/27/2024,AI2777,GoAir,DEL,BOM,110,No,Weather
10/25/2022,AI3215,Air India,BLR,CCU,248,No,Operational
5/26/2023,AI8061,Air India,PNQ,MAA,1,No,Operational
5/17/2021,AI1175,AirAsia India,PNQ,PNQ,10,No,Technical
2/5/2022,AI7184,AirAsia India,PNQ,PNQ,298,No,Operational
2/1/2021,AI4827,GoAir,BLR,BLR,0,No,
5/20/2022,AI4804,IndiGo,BOM,DEL,64,No,Technical
3/5/2022,AI3186,SpiceJet,PNQ,BLR,18,No,Crew
1/27/2021,AI1515,SpiceJet,MAA,HYD,41,No,Technical
7/25/2020,AI5308,AirAsia India,BLR,MAA,,Yes,
11/4/2022,AI853,IndiGo,BLR,BLR,152,No,Air Traffic
4/26/2024,AI5793,AirAsia India,PNQ,BLR,49,No,Weather
6/10/2022,AI7811,SpiceJet,MAA,PNQ,292,No,Air Traffic
1/24/2024,AI4318,AirAsia India,CCU,MAA,247,No,Operational
9/10/2024,AI7284,Vistara,BLR,PNQ,48,No,Operational
5/17/2024,AI5092,AirAsia India,PNQ,BOM,,Yes,
5/13/2022,AI7956,GoAir,HYD,CCU,72,No,Operational
1/12/2022,AI8863,AirAsia India,DEL,HYD,17,No,Technical
6/18/2023,AI7585,GoAir,BOM,HYD,107,No,Late Arrival
7/17/2021,AI2338,IndiGo,BLR,DEL,290,No,Technical
10/17/2022,AI4551,SpiceJet,HYD,PNQ,191,No,Weather
4/5/2020,AI8870,Air India,HYD,CCU,125,No,Technical
10/23/2024,AI3275,Air India,BLR,DEL,269,No,Operational
4/29/2021,AI4961,SpiceJet,CCU,HYD,280,No,Crew
12/1/2023,AI4199,Air India,DEL,CCU,65,No,Weather
8/18/2020,AI8163,AirAsia India,BOM,BLR,19,No,Air Traffic
1/18/2022,AI7658,IndiGo,BLR,BOM,65,No,Crew
8/5/2024,AI4840,IndiGo,BOM,BLR,232,No,Weather
4/9/2023,AI530,SpiceJet,MAA,BOM,36,No,Weather
6/24/2021,AI4195,Air India,HYD,PNQ,174,No,Operational
11/25/2022,AI1942,AirAsia India,HYD,MAA,,Yes,
6/8/2021,AI294,IndiGo,BLR,DEL,8,No,Air Traffic
3/29/2023,AI7223,IndiGo,BLR,DEL,134,No,Technical
9/18/2024,AI1735,Vistara,MAA,MAA,229,No,Air Traffic
6/20/2023,AI546,Vistara,CCU,CCU,229,No,Operational
1/14/2023,AI4692,IndiGo,BLR,MAA,293,No,Operational
12/24/2024,AI9152,SpiceJet,HYD,PNQ,209,No,Operational
7/31/2021,AI4680,GoAir,BOM,HYD,105,No,Crew
11/12/2021,AI7389,GoAir,DEL,MAA,164,No,Air Traffic
7/10/2021,AI2844,AirAsia India,PNQ,BOM,293,No,Air Traffic
5/16/2024,AI422,IndiGo,BOM,HYD,269,No,Weather
10/9/2022,AI9664,IndiGo,CCU,MAA,91,No,Late Arrival
10/7/2021,AI7320,IndiGo,DEL,DEL,20,No,Technical
3/6/2022,AI9973,SpiceJet,BOM,BLR,297,No,Operational
11/17/2022,AI3114,Vistara,BOM,BOM,142,No,Air Traffic
7/1/2024,AI3550,IndiGo,MAA,PNQ,76,No,Air Traffic
4/28/2024,AI5262,IndiGo,PNQ,BOM,249,No,Weather
9/25/2023,AI8788,Air India,CCU,CCU,116,No,Technical
12/26/2024,AI2939,SpiceJet,HYD,BLR,189,No,Late Arrival
9/16/2023,AI6236,AirAsia India,MAA,BOM,,Yes,
7/21/2024,AI1247,IndiGo,DEL,MAA,137,No,Late Arrival
3/9/2024,AI6241,Air India,PNQ,BOM,102,No,Operational
10/3/2023,AI7870,GoAir,HYD,BOM,,Yes,
2/5/2024,AI2052,AirAsia India,MAA,BOM,214,No,Late Arrival
6/8/2023,AI843,IndiGo,PNQ,CCU,286,No,Late Arrival
7/8/2020,AI1985,IndiGo,CCU,BOM,246,No,Technical
6/2/2023,AI1658,Air India,BLR,BOM,74,No,Technical
11/9/2023,AI638,SpiceJet,BLR,CCU,163,No,Operational
11/1/2023,AI7157,IndiGo,DEL,HYD,112,No,Air Traffic
7/30/2023,AI1007,GoAir,BLR,BLR,24,No,Weather
9/24/2021,AI1050,IndiGo,MAA,PNQ,217,No,Operational
9/19/2021,AI1956,GoAir,DEL,HYD,264,No,Crew
8/30/2022,AI7469,AirAsia India,HYD,DEL,219,No,Late Arrival
11/3/2024,AI5051,AirAsia India,CCU,CCU,156,No,Weather
7/6/2023,AI9837,Vistara,DEL,CCU,135,No,Air Traffic
10/14/2023,AI2271,Vistara,HYD,BOM,10,No,Air Traffic
12/10/2021,AI1897,GoAir,DEL,BOM,156,No,Technical
1/19/2024,AI9260,SpiceJet,BOM,PNQ,184,No,Crew
12/5/2023,AI3572,IndiGo,BOM,DEL,261,No,Air Traffic
10/10/2021,AI3805,IndiGo,DEL,BOM,69,No,Crew
11/13/2020,AI3775,Vistara,PNQ,MAA,142,No,Late Arrival
8/27/2024,AI3887,GoAir,BLR,BOM,28,No,Technical
6/2/2023,AI3114,IndiGo,BOM,BOM,82,No,Weather
6/11/2023,AI400,IndiGo,PNQ,MAA,45,No,Technical
11/14/2021,AI408,SpiceJet,PNQ,DEL,106,No,Late Arrival
10/25/2021,AI8654,Air India,CCU,MAA,83,No,Air Traffic
10/29/2023,AI5339,Vistara,HYD,CCU,44,No,Crew
8/22/2024,AI2214,Vistara,MAA,MAA,84,No,Late Arrival
6/19/2024,AI8298,Air India,BOM,BLR,273,No,Air Traffic
2/4/2024,AI2841,IndiGo,DEL,CCU,275,No,Operational
6/10/2023,AI9122,SpiceJet,BLR,BOM,203,No,Crew
9/11/2024,AI3052,SpiceJet,MAA,PNQ,192,No,Late Arrival
2/10/2023,AI1272,Vistara,HYD,CCU,26,No,Weather
2/29/2024,AI2616,SpiceJet,PNQ,DEL,297,No,Weather
3/17/2021,AI3343,AirAsia India,HYD,DEL,16,No,Air Traffic
7/17/2021,AI7888,Air India,BOM,MAA,130,No,Air Traffic
7/15/2023,AI5980,IndiGo,HYD,CCU,123,No,Weather
3/13/2024,AI4422,AirAsia India,HYD,BOM,,Yes,
11/10/2023,AI3737,Air India,BLR,DEL,230,No,Operational
11/11/2023,AI2184,GoAir,PNQ,HYD,110,No,Technical
2/10/2023,AI7270,Vistara,BLR,BOM,144,No,Weather
6/24/2024,AI5420,SpiceJet,BLR,HYD,290,No,Air Traffic
7/6/2024,AI5001,GoAir,DEL,BLR,54,No,Air Traffic
8/9/2022,AI4622,SpiceJet,HYD,HYD,202,No,Operational
1/9/2023,AI1141,AirAsia India,HYD,DEL,34,No,Weather
11/29/2021,AI438,IndiGo,HYD,MAA,171,No,Operational
4/22/2020,AI5739,IndiGo,CCU,BLR,159,No,Weather
1/2/2020,AI4178,IndiGo,BLR,CCU,250,No,Technical
10/3/2021,AI1695,SpiceJet,MAA,BOM,55,No,Late Arrival
8/7/2020,AI6380,GoAir,BOM,DEL,170,No,Weather
5/8/2024,AI8233,IndiGo,PNQ,BLR,289,No,Late Arrival
5/4/2022,AI3231,GoAir,MAA,BLR,68,No,Weather
10/25/2024,AI5211,SpiceJet,PNQ,DEL,273,No,Technical
6/2/2023,AI5257,AirAsia India,DEL,CCU,213,No,Air Traffic
1/19/2021,AI7840,GoAir,DEL,CCU,148,No,Late Arrival
11/27/2023,AI5337,AirAsia India,PNQ,MAA,62,No,Operational
7/19/2024,AI7922,SpiceJet,HYD,PNQ,67,No,Weather
2/27/2023,AI532,SpiceJet,MAA,HYD,254,No,Air Traffic
12/12/2022,AI2226,Vistara,HYD,CCU,162,No,Weather
9/3/2024,AI332,SpiceJet,CCU,MAA,284,No,Operational
12/30/2021,AI6869,SpiceJet,DEL,HYD,10,No,Technical
8/22/2024,AI400,Air India,DEL,BLR,170,No,Crew
9/29/2024,AI5729,IndiGo,MAA,DEL,299,No,Weather
12/10/2023,AI1806,Vistara,DEL,CCU,36,No,Operational
9/3/2020,AI3762,Vistara,CCU,MAA,109,No,Crew
4/15/2022,AI6238,Vistara,CCU,BLR,90,No,Weather
1/2/2024,AI1302,Air India,CCU,CCU,297,No,Late Arrival
7/21/2020,AI5269,AirAsia India,BOM,BOM,,Yes,
4/22/2023,AI2405,SpiceJet,CCU,PNQ,253,No,Air Traffic
5/2/2020,AI1795,IndiGo,CCU,BLR,105,No,Air Traffic
2/4/2021,AI4595,GoAir,BOM,CCU,288,No,Operational
2/5/2022,AI5261,AirAsia India,HYD,BLR,270,No,Late Arrival
10/20/2020,AI740,SpiceJet,BLR,DEL,1,No,Technical
10/6/2020,AI6813,Air India,DEL,DEL,235,No,Crew
6/2/2022,AI6790,SpiceJet,CCU,PNQ,263,No,Operational
6/21/2024,AI2376,SpiceJet,DEL,DEL,242,No,Weather
7/16/2020,AI8382,Air India,MAA,HYD,163,No,Air Traffic
9/8/2022,AI9266,Vistara,DEL,BOM,286,No,Weather
3/14/2024,AI3842,Vistara,PNQ,DEL,60,No,Crew
1/21/2022,AI8778,IndiGo,HYD,BOM,73,No,Late Arrival
5/23/2020,AI1636,IndiGo,BOM,DEL,257,No,Late Arrival
8/31/2021,AI3483,Vistara,DEL,HYD,74,No,Operational
5/9/2023,AI1200,AirAsia India,DEL,BLR,294,No,Operational
2/21/2023,AI3662,GoAir,DEL,CCU,207,No,Late Arrival
7/5/2020,AI6368,SpiceJet,BLR,CCU,69,No,Operational
9/11/2023,AI8703,GoAir,BLR,DEL,54,No,Late Arrival
4/8/2021,AI3908,SpiceJet,MAA,CCU,188,No,Crew
10/4/2023,AI190,Vistara,BOM,DEL,176,No,Operational
11/29/2024,AI3149,IndiGo,DEL,DEL,201,No,Late Arrival
10/21/2021,AI1784,AirAsia India,DEL,PNQ,271,No,Operational
2/2/2022,AI3416,IndiGo,DEL,MAA,118,No,Weather
8/12/2022,AI7963,GoAir,DEL,MAA,54,No,Air Traffic
2/6/2021,AI3255,IndiGo,BLR,PNQ,224,No,Weather
10/1/2023,AI3777,Vistara,HYD,MAA,254,No,Technical
3/14/2024,AI8564,AirAsia India,HYD,BOM,161,No,Late Arrival
5/26/2020,AI4585,GoAir,MAA,MAA,5,No,Technical
3/17/2023,AI7043,AirAsia India,PNQ,DEL,119,No,Late Arrival
5/13/2022,AI6326,SpiceJet,CCU,HYD,222,No,Air Traffic
9/30/2024,AI5038,IndiGo,BOM,HYD,21,No,Operational
5/3/2021,AI1401,AirAsia India,HYD,BLR,129,No,Late Arrival
7/17/2022,AI5945,Air India,PNQ,MAA,247,No,Weather
7/21/2024,AI2057,IndiGo,DEL,HYD,28,No,Operational
7/4/2021,AI1709,SpiceJet,HYD,MAA,186,No,Air Traffic
12/3/2020,AI3355,AirAsia India,MAA,BLR,187,No,Weather
5/21/2022,AI5790,GoAir,CCU,HYD,96,No,Operational
10/2/2021,AI6893,SpiceJet,HYD,DEL,77,No,Late Arrival
12/7/2024,AI5756,Air India,MAA,BOM,101,No,Late Arrival
4/17/2021,AI5334,AirAsia India,BLR,PNQ,27,No,Weather
5/30/2020,AI5096,Vistara,CCU,PNQ,21,No,Crew
12/9/2023,AI3947,IndiGo,MAA,PNQ,183,No,Late Arrival
8/14/2023,AI8330,GoAir,PNQ,MAA,39,No,Crew
6/22/2024,AI7275,Vistara,HYD,HYD,102,No,Operational
9/19/2020,AI226,AirAsia India,BLR,HYD,144,No,Crew
11/22/2024,AI1588,AirAsia India,PNQ,BLR,151,No,Weather
5/23/2020,AI1268,SpiceJet,MAA,DEL,213,No,Technical
12/11/2020,AI5949,AirAsia India,MAA,CCU,194,No,Technical
9/15/2021,AI7503,GoAir,PNQ,HYD,6,No,Weather
10/13/2022,AI2318,Vistara,HYD,BOM,,Yes,
5/14/2024,AI4584,GoAir,CCU,BLR,255,No,Technical
5/30/2022,AI1876,Air India,BLR,HYD,51,No,Weather
1/2/2020,AI2625,Air India,DEL,HYD,245,No,Late Arrival
6/15/2022,AI4753,IndiGo,BOM,BLR,87,No,Crew
8/20/2023,AI9598,IndiGo,CCU,BLR,101,No,Technical
9/10/2020,AI8983,Air India,BLR,MAA,92,No,Late Arrival
8/2/2024,AI8394,AirAsia India,PNQ,HYD,9,No,Technical
3/28/2021,AI5882,GoAir,MAA,CCU,189,No,Operational
11/26/2022,AI4597,Air India,PNQ,BOM,25,No,Weather
3/29/2023,AI5135,IndiGo,BLR,DEL,58,No,Weather
10/11/2022,AI8000,Air India,PNQ,DEL,168,No,Late Arrival
1/9/2020,AI7756,AirAsia India,PNQ,CCU,78,No,Operational
6/10/2023,AI8565,Air India,BOM,BLR,132,No,Crew
1/27/2023,AI6930,GoAir,HYD,BLR,250,No,Operational
8/9/2024,AI1554,Vistara,BOM,BLR,87,No,Operational
3/26/2022,AI5062,AirAsia India,DEL,HYD,53,No,Air Traffic
7/26/2020,AI3836,IndiGo,DEL,BLR,128,No,Crew
2/28/2023,AI9816,GoAir,BOM,BLR,,Yes,
2/7/2021,AI2283,Air India,CCU,HYD,260,No,Crew
5/31/2020,AI8531,Air India,CCU,HYD,276,No,Operational
2/23/2020,AI8272,Vistara,PNQ,CCU,66,No,Technical
2/17/2023,AI1654,IndiGo,PNQ,MAA,122,No,Air Traffic
8/23/2024,AI5796,IndiGo,MAA,HYD,,Yes,
9/19/2021,AI6672,SpiceJet,DEL,BOM,77,No,Technical
8/9/2021,AI8661,IndiGo,MAA,BLR,251,No,Operational
7/6/2024,AI9804,Vistara,DEL,MAA,166,No,Technical
12/14/2023,AI1917,SpiceJet,BOM,DEL,241,No,Crew
12/16/2023,AI4424,SpiceJet,CCU,CCU,252,No,Crew
4/13/2020,AI4319,Air India,PNQ,MAA,264,No,Technical
9/10/2020,AI4024,Air India,CCU,HYD,139,No,Crew
6/4/2023,AI1507,IndiGo,BOM,BLR,17,No,Weather
2/9/2023,AI9335,SpiceJet,MAA,BLR,,Yes,
5/24/2021,AI3405,Air India,MAA,BLR,263,No,Crew
2/5/2024,AI8486,Vistara,BLR,MAA,156,No,Operational
4/8/2020,AI8972,Air India,PNQ,BLR,261,No,Late Arrival
6/1/2020,AI9827,AirAsia India,PNQ,HYD,166,No,Technical
7/2/2022,AI1060,AirAsia India,PNQ,MAA,,Yes,
5/27/2022,AI5104,Air India,DEL,BLR,135,No,Air Traffic
12/3/2020,AI2287,SpiceJet,MAA,DEL,84,No,Technical
9/25/2024,AI5671,SpiceJet,BOM,DEL,57,No,Crew
4/1/2022,AI3103,GoAir,MAA,BOM,231,No,Crew
4/1/2023,AI3041,AirAsia India,CCU,BLR,170,No,Late Arrival
10/9/2024,AI8927,Vistara,DEL,BLR,235,No,Late Arrival
8/14/2022,AI4127,SpiceJet,PNQ,MAA,252,No,Air Traffic
8/31/2024,AI3444,IndiGo,HYD,MAA,236,No,Operational
6/9/2020,AI2748,AirAsia India,BLR,PNQ,22,No,Weather
5/22/2024,AI8887,Vistara,DEL,BLR,237,No,Operational
3/11/2022,AI8512,Vistara,CCU,BOM,261,No,Air Traffic
2/1/2021,AI6229,SpiceJet,PNQ,BLR,102,No,Technical
7/24/2023,AI5237,Vistara,CCU,HYD,287,No,Crew
3/26/2022,AI273,SpiceJet,CCU,MAA,187,No,Operational
3/7/2024,AI4806,Air India,PNQ,BLR,188,No,Crew
11/16/2023,AI4618,AirAsia India,CCU,MAA,18,No,Crew
3/4/2023,AI8829,GoAir,BOM,BLR,231,No,Operational
5/3/2023,AI1017,Air India,BLR,CCU,224,No,Operational
2/4/2021,AI3431,AirAsia India,HYD,MAA,86,No,Late Arrival
10/1/2021,AI5156,SpiceJet,CCU,BOM,,Yes,
11/22/2022,AI9531,AirAsia India,CCU,CCU,198,No,Air Traffic
11/18/2021,AI4404,SpiceJet,MAA,HYD,88,No,Air Traffic
4/4/2021,AI6884,Air India,BLR,BLR,209,No,Weather
8/12/2022,AI5910,IndiGo,DEL,PNQ,256,No,Late Arrival
4/14/2021,AI2171,IndiGo,BLR,HYD,192,No,Weather
10/30/2023,AI782,AirAsia India,BLR,MAA,214,No,Operational
11/11/2022,AI3893,IndiGo,PNQ,CCU,239,No,Air Traffic
1/19/2022,AI2282,SpiceJet,PNQ,HYD,233,No,Air Traffic
8/20/2024,AI642,Vistara,PNQ,BOM,121,No,Weather
2/7/2020,AI1105,SpiceJet,HYD,PNQ,67,No,Technical
8/17/2020,AI2095,Vistara,BLR,MAA,246,No,Late Arrival
10/20/2023,AI7267,Air India,HYD,CCU,276,No,Late Arrival
7/16/2021,AI8421,GoAir,CCU,HYD,250,No,Late Arrival
3/13/2021,AI6295,Vistara,PNQ,CCU,285,No,Air Traffic
12/4/2024,AI2321,IndiGo,CCU,CCU,279,No,Crew
7/30/2023,AI9332,SpiceJet,PNQ,HYD,9,No,Air Traffic
1/27/2020,AI2160,Air India,BOM,DEL,128,No,Crew
8/13/2020,AI3726,IndiGo,HYD,BLR,60,No,Air Traffic
7/24/2023,AI3874,Air India,HYD,MAA,149,No,Operational
3/8/2022,AI793,GoAir,DEL,MAA,96,No,Air Traffic
6/20/2024,AI7135,SpiceJet,MAA,PNQ,300,No,Operational
10/10/2020,AI6798,AirAsia India,BLR,PNQ,150,No,Crew
5/28/2022,AI4200,SpiceJet,DEL,PNQ,265,No,Late Arrival
8/17/2022,AI8953,GoAir,HYD,MAA,185,No,Crew
2/13/2024,AI2021,SpiceJet,DEL,CCU,225,No,Weather
3/28/2021,AI3963,AirAsia India,BOM,PNQ,46,No,Late Arrival
10/16/2022,AI5544,Vistara,MAA,HYD,262,No,Air Traffic
3/26/2022,AI4114,Air India,HYD,BLR,14,No,Air Traffic
10/20/2021,AI5746,AirAsia India,HYD,BOM,136,No,Air Traffic
3/19/2024,AI3919,IndiGo,BLR,MAA,59,No,Air Traffic
6/30/2021,AI7111,GoAir,PNQ,HYD,75,No,Air Traffic
4/30/2023,AI4466,Vistara,MAA,BLR,243,No,Crew
12/8/2022,AI9855,IndiGo,BOM,BLR,82,No,Operational
3/15/2024,AI1563,IndiGo,CCU,DEL,43,No,Crew
1/17/2020,AI1335,GoAir,DEL,HYD,221,No,Technical
4/10/2023,AI3262,Vistara,BLR,MAA,,Yes,
5/28/2023,AI7581,IndiGo,HYD,PNQ,263,No,Crew
6/6/2020,AI6188,IndiGo,CCU,CCU,86,No,Late Arrival
4/21/2021,AI4877,Vistara,BOM,PNQ,292,No,Air Traffic
12/5/2022,AI392,SpiceJet,MAA,BLR,222,No,Crew
10/28/2023,AI3322,IndiGo,DEL,BLR,239,No,Operational
6/1/2021,AI3192,Air India,BLR,BOM,,Yes,
4/8/2020,AI3172,Vistara,HYD,PNQ,78,No,Air Traffic
11/3/2024,AI1477,IndiGo,HYD,DEL,40,No,Weather
11/26/2022,AI889,GoAir,CCU,BLR,79,No,Technical
10/6/2020,AI6685,AirAsia India,CCU,BLR,171,No,Late Arrival
10/4/2023,AI6711,Air India,DEL,CCU,290,No,Operational
5/11/2021,AI8913,AirAsia India,MAA,CCU,30,No,Technical
10/28/2020,AI545,AirAsia India,BOM,BOM,,Yes,
6/29/2020,AI398,IndiGo,PNQ,HYD,228,No,Crew
8/29/2021,AI2041,Air India,MAA,BOM,80,No,Technical
1/27/2023,AI3663,Air India,MAA,BOM,156,No,Air Traffic
11/30/2021,AI9496,SpiceJet,MAA,CCU,62,No,Air Traffic
9/19/2022,AI2227,AirAsia India,PNQ,PNQ,282,No,Weather
2/13/2023,AI6263,Air India,DEL,PNQ,168,No,Technical
7/9/2020,AI4134,SpiceJet,PNQ,PNQ,,Yes,
9/9/2020,AI3488,Vistara,DEL,HYD,19,No,Technical
9/7/2022,AI2768,SpiceJet,PNQ,CCU,143,No,Air Traffic
7/16/2022,AI7754,GoAir,BOM,DEL,124,No,Crew
3/30/2023,AI7721,IndiGo,MAA,MAA,254,No,Crew
7/3/2023,AI6707,Vistara,DEL,MAA,111,No,Late Arrival
9/8/2023,AI2845,Vistara,PNQ,DEL,270,No,Crew
5/7/2020,AI2667,GoAir,BOM,PNQ,271,No,Technical
1/18/2020,AI6511,SpiceJet,PNQ,MAA,237,No,Weather
12/21/2024,AI3338,IndiGo,HYD,HYD,19,No,Crew
10/24/2024,AI9062,SpiceJet,BOM,CCU,58,No,Air Traffic
7/19/2021,AI5869,Air India,MAA,MAA,151,No,Air Traffic
7/23/2021,AI2684,SpiceJet,BLR,HYD,192,No,Late Arrival
9/8/2023,AI9632,Vistara,MAA,CCU,174,No,Late Arrival
11/16/2021,AI6414,IndiGo,BLR,HYD,299,No,Technical
12/20/2024,AI6008,SpiceJet,BOM,DEL,295,No,Crew
9/17/2021,AI1631,IndiGo,HYD,BOM,108,No,Crew
8/4/2023,AI6403,IndiGo,HYD,DEL,10,No,Late Arrival
5/3/2022,AI9656,Air India,DEL,MAA,,Yes,
8/13/2024,AI2683,Air India,HYD,CCU,225,No,Crew
8/19/2022,AI4705,Vistara,CCU,HYD,16,No,Technical
7/20/2024,AI2897,GoAir,BOM,MAA,57,No,Weather
6/3/2020,AI8062,IndiGo,DEL,MAA,93,No,Air Traffic
5/4/2021,AI2043,GoAir,HYD,BOM,137,No,Technical
11/10/2023,AI4516,Vistara,BOM,PNQ,37,No,Crew
2/23/2022,AI2134,IndiGo,MAA,MAA,292,No,Technical
2/1/2023,AI129,IndiGo,HYD,BOM,263,No,Air Traffic
11/17/2023,AI6615,AirAsia India,PNQ,CCU,236,No,Operational
9/2/2020,AI5273,GoAir,BLR,CCU,170,No,Air Traffic
4/14/2023,AI6738,SpiceJet,BOM,HYD,177,No,Air Traffic
11/28/2022,AI4220,Air India,DEL,PNQ,160,No,Operational
2/9/2024,AI9308,SpiceJet,MAA,BOM,174,No,Crew
9/1/2024,AI6387,GoAir,CCU,DEL,14,No,Crew
1/28/2022,AI9180,Air India,MAA,CCU,73,No,Weather
6/21/2021,AI6876,SpiceJet,HYD,PNQ,282,No,Air Traffic
7/9/2022,AI8000,AirAsia India,BLR,HYD,79,No,Technical
2/11/2021,AI7236,Air India,MAA,DEL,92,No,Weather
6/8/2021,AI9402,IndiGo,CCU,CCU,139,No,Crew
4/7/2022,AI8064,SpiceJet,PNQ,CCU,191,No,Crew
3/9/2024,AI4930,Air India,DEL,HYD,12,No,Late Arrival
6/21/2022,AI9405,AirAsia India,BOM,HYD,34,No,Weather
2/5/2020,AI3943,Air India,BLR,BLR,58,No,Crew
11/15/2021,AI1778,Air India,CCU,MAA,36,No,Operational
1/20/2020,AI6678,AirAsia India,HYD,MAA,193,No,Late Arrival
11/16/2020,AI8780,SpiceJet,HYD,DEL,122,No,Technical
12/4/2024,AI4724,Vistara,HYD,MAA,147,No,Late Arrival
5/26/2021,AI6972,SpiceJet,BLR,DEL,142,No,Air Traffic
2/3/2021,AI2437,GoAir,MAA,PNQ,102,No,Air Traffic
10/15/2021,AI5738,AirAsia India,BLR,CCU,152,No,Technical
8/29/2022,AI5534,SpiceJet,HYD,BLR,11,No,Operational
4/15/2021,AI9842,Air India,PNQ,BLR,,Yes,
3/12/2023,AI9649,AirAsia India,CCU,CCU,135,No,Technical
1/20/2023,AI2037,IndiGo,BOM,HYD,268,No,Weather
10/9/2023,AI4542,SpiceJet,BOM,BOM,251,No,Technical
4/13/2022,AI8556,AirAsia India,BLR,BOM,207,No,Technical
12/28/2024,AI7860,SpiceJet,HYD,MAA,32,No,Late Arrival
12/27/2021,AI1114,AirAsia India,DEL,HYD,,Yes,
5/3/2022,AI5980,Air India,PNQ,DEL,169,No,Operational
2/20/2020,AI8749,IndiGo,BLR,PNQ,189,No,Technical
8/15/2024,AI2031,IndiGo,HYD,BLR,30,No,Weather
9/17/2024,AI1398,GoAir,MAA,MAA,69,No,Late Arrival
7/28/2021,AI4269,AirAsia India,BOM,CCU,116,No,Operational
4/28/2023,AI3161,SpiceJet,BOM,HYD,12,No,Operational
2/22/2023,AI3882,IndiGo,PNQ,BLR,81,No,Crew
5/29/2020,AI2962,IndiGo,BOM,DEL,223,No,Air Traffic
11/9/2020,AI5645,Vistara,DEL,DEL,193,No,Weather
7/23/2021,AI2248,Vistara,HYD,BOM,0,No,
9/27/2023,AI4524,IndiGo,HYD,MAA,118,No,Air Traffic
10/31/2020,AI8532,AirAsia India,PNQ,CCU,,Yes,
9/11/2024,AI9076,GoAir,HYD,BLR,230,No,Late Arrival
11/12/2021,AI5892,IndiGo,PNQ,PNQ,245,No,Late Arrival
4/17/2022,AI5699,Air India,HYD,DEL,165,No,Weather
12/11/2024,AI1730,SpiceJet,DEL,BLR,202,No,Operational
12/13/2022,AI4952,GoAir,CCU,CCU,57,No,Technical
9/29/2022,AI4788,Air India,BLR,BLR,17,No,Weather
3/19/2021,AI8320,GoAir,BLR,MAA,65,No,Late Arrival
9/4/2021,AI6561,Air India,HYD,BOM,149,No,Air Traffic
9/19/2022,AI2080,SpiceJet,MAA,BLR,110,No,Weather
9/20/2020,AI8828,SpiceJet,BOM,HYD,37,No,Operational
12/12/2022,AI2835,Vistara,DEL,BOM,80,No,Crew
5/14/2024,AI9950,AirAsia India,MAA,CCU,120,No,Crew
9/30/2022,AI1958,Air India,MAA,BOM,81,No,Technical
7/1/2024,AI1337,Vistara,HYD,BLR,178,No,Technical
1/5/2020,AI6481,Air India,DEL,BLR,86,No,Operational
1/31/2023,AI535,Vistara,BLR,HYD,296,No,Air Traffic
5/4/2023,AI2787,SpiceJet,BOM,DEL,143,No,Technical
2/12/2022,AI6546,GoAir,BLR,HYD,,Yes,
5/26/2022,AI9658,Vistara,MAA,BLR,166,No,Crew
9/18/2022,AI1873,Air India,BOM,PNQ,229,No,Operational
6/2/2022,AI2694,Air India,CCU,BOM,105,No,Operational
10/5/2023,AI4867,AirAsia India,MAA,HYD,109,No,Operational
2/16/2020,AI7636,SpiceJet,BLR,HYD,243,No,Weather
5/16/2022,AI8378,Air India,BLR,PNQ,235,No,Air Traffic
4/2/2022,AI784,IndiGo,HYD,PNQ,32,No,Air Traffic
7/24/2022,AI1604,GoAir,BLR,PNQ,11,No,Technical
10/17/2021,AI6471,Vistara,DEL,DEL,295,No,Air Traffic
9/25/2020,AI995,AirAsia India,MAA,BLR,211,No,Late Arrival
1/4/2021,AI5528,GoAir,PNQ,BLR,223,No,Crew
9/27/2021,AI8354,SpiceJet,PNQ,CCU,280,No,Technical
2/3/2023,AI5765,AirAsia India,BOM,DEL,30,No,Air Traffic
8/20/2024,AI1518,Vistara,BLR,CCU,13,No,Crew
8/9/2024,AI802,Vistara,HYD,CCU,159,No,Technical
10/18/2021,AI3860,IndiGo,HYD,CCU,231,No,Late Arrival
4/29/2020,AI6198,SpiceJet,BLR,MAA,245,No,Crew
4/10/2022,AI6863,AirAsia India,DEL,CCU,,Yes,
12/15/2024,AI7081,AirAsia India,HYD,HYD,275,No,Late Arrival
6/15/2024,AI4060,Air India,PNQ,BOM,134,No,Crew
12/17/2022,AI9169,IndiGo,BOM,HYD,49,No,Weather
10/1/2023,AI4579,IndiGo,MAA,HYD,219,No,Weather
1/10/2022,AI9558,AirAsia India,CCU,BLR,182,No,Crew
2/6/2024,AI2197,AirAsia India,DEL,MAA,191,No,Crew
4/26/2020,AI3720,GoAir,HYD,CCU,138,No,Late Arrival
3/1/2022,AI6756,GoAir,MAA,BLR,2,No,Air Traffic
2/24/2023,AI1380,GoAir,CCU,DEL,14,No,Operational
11/17/2023,AI184,IndiGo,BLR,DEL,143,No,Crew
10/9/2022,AI8378,Air India,BLR,BLR,82,No,Technical
7/22/2024,AI128,Vistara,BOM,BOM,47,No,Technical
12/17/2022,AI9556,GoAir,CCU,BLR,204,No,Technical
9/25/2021,AI482,Air India,BLR,BLR,,Yes,
5/27/2021,AI4442,SpiceJet,BLR,MAA,159,No,Weather
11/9/2024,AI9264,GoAir,PNQ,DEL,292,No,Air Traffic
3/12/2022,AI3411,Vistara,HYD,DEL,112,No,Late Arrival
1/24/2023,AI796,SpiceJet,BOM,CCU,87,No,Air Traffic
7/19/2024,AI6321,SpiceJet,MAA,HYD,292,No,Weather
2/15/2023,AI7815,Vistara,BLR,BLR,220,No,Air Traffic
7/13/2021,AI1452,GoAir,PNQ,BLR,212,No,Air Traffic
6/12/2024,AI1688,IndiGo,DEL,BOM,30,No,Technical
5/2/2021,AI2990,Vistara,DEL,PNQ,180,No,Crew
6/14/2023,AI8462,Vistara,MAA,PNQ,125,No,Technical
6/15/2022,AI200,Vistara,CCU,DEL,191,No,Air Traffic
7/19/2023,AI8889,SpiceJet,BOM,BOM,271,No,Crew
4/27/2023,AI4575,Air India,PNQ,MAA,1,No,Late Arrival
12/4/2021,AI926,IndiGo,HYD,CCU,110,No,Operational
1/10/2024,AI9230,GoAir,PNQ,BOM,125,No,Crew
8/3/2021,AI8211,GoAir,DEL,DEL,72,No,Weather
2/28/2022,AI3406,Air India,DEL,MAA,182,No,Technical
5/10/2022,AI1428,Vistara,MAA,BLR,40,No,Technical
9/3/2020,AI7149,IndiGo,CCU,MAA,250,No,Air Traffic
1/4/2023,AI8236,GoAir,CCU,HYD,180,No,Air Traffic
6/2/2020,AI9773,AirAsia India,MAA,BOM,78,No,Air Traffic
8/6/2024,AI1740,GoAir,PNQ,DEL,163,No,Air Traffic
12/29/2023,AI8081,Vistara,DEL,BOM,211,No,Technical
9/23/2022,AI7606,AirAsia India,PNQ,BLR,98,No,Crew
1/14/2023,AI7226,Air India,PNQ,PNQ,281,No,Late Arrival
11/27/2021,AI7130,IndiGo,BOM,BLR,151,No,Crew
8/1/2023,AI9802,Air India,DEL,DEL,152,No,Weather
5/28/2023,AI5844,Air India,CCU,HYD,77,No,Technical
12/28/2022,AI8598,IndiGo,HYD,CCU,6,No,Crew
12/6/2022,AI4246,IndiGo,PNQ,MAA,231,No,Technical
10/5/2022,AI4417,GoAir,DEL,MAA,170,No,Weather
4/3/2020,AI7259,GoAir,PNQ,BLR,171,No,Operational
11/8/2024,AI3650,IndiGo,BOM,BOM,204,No,Operational
8/15/2022,AI2343,AirAsia India,BLR,PNQ,54,No,Operational
10/8/2022,AI7037,SpiceJet,DEL,BOM,,Yes,
3/28/2021,AI5830,GoAir,MAA,HYD,119,No,Technical
5/12/2023,AI2353,SpiceJet,BLR,CCU,,Yes,
6/30/2022,AI6717,AirAsia India,PNQ,BOM,17,No,Crew
8/5/2020,AI8196,IndiGo,MAA,MAA,145,No,Technical
4/18/2021,AI9453,AirAsia India,MAA,PNQ,241,No,Late Arrival
3/7/2021,AI9895,GoAir,MAA,BOM,287,No,Crew
12/6/2020,AI6981,Air India,DEL,PNQ,172,No,Weather
7/4/2021,AI9508,IndiGo,CCU,CCU,142,No,Air Traffic
6/23/2024,AI6108,Vistara,PNQ,MAA,174,No,Operational
8/5/2023,AI2282,SpiceJet,BLR,PNQ,50,No,Crew
7/1/2023,AI7526,AirAsia India,BOM,BOM,168,No,Crew
10/23/2024,AI1235,IndiGo,CCU,MAA,91,No,Operational
12/22/2020,AI6734,AirAsia India,PNQ,BLR,275,No,Weather
1/23/2020,AI4506,IndiGo,DEL,BLR,60,No,Technical
11/20/2024,AI1752,GoAir,MAA,HYD,281,No,Technical
6/5/2021,AI7631,GoAir,BOM,BLR,180,No,Air Traffic
11/16/2024,AI1298,GoAir,PNQ,BOM,145,No,Crew
1/28/2023,AI5631,AirAsia India,BLR,CCU,128,No,Operational
3/12/2022,AI9169,Vistara,PNQ,MAA,93,No,Late Arrival
4/18/2023,AI1411,GoAir,CCU,PNQ,114,No,Weather
5/31/2023,AI866,IndiGo,HYD,DEL,117,No,Technical
1/31/2022,AI4879,GoAir,CCU,BLR,7,No,Weather
8/9/2024,AI6327,Air India,PNQ,BLR,229,No,Weather
3/17/2021,AI5990,GoAir,BOM,DEL,30,No,Air Traffic
6/19/2024,AI7182,AirAsia India,PNQ,PNQ,22,No,Weather
2/7/2022,AI1087,Vistara,PNQ,PNQ,151,No,Operational
10/12/2022,AI6840,Air India,DEL,DEL,107,No,Air Traffic
9/10/2023,AI5580,AirAsia India,BLR,PNQ,67,No,Operational
5/30/2021,AI3516,AirAsia India,BOM,BOM,129,No,Air Traffic
11/5/2022,AI2514,AirAsia India,PNQ,PNQ,98,No,Operational
3/2/2022,AI2020,IndiGo,MAA,MAA,164,No,Air Traffic
12/1/2020,AI3800,AirAsia India,BLR,PNQ,162,No,Air Traffic
11/17/2024,AI5384,IndiGo,CCU,BLR,25,No,Crew
9/14/2020,AI4663,AirAsia India,BOM,CCU,110,No,Operational
5/11/2021,AI8615,SpiceJet,CCU,BOM,213,No,Crew
6/14/2022,AI2975,Air India,PNQ,BOM,62,No,Air Traffic
6/8/2020,AI3414,SpiceJet,CCU,PNQ,61,No,Technical
2/7/2024,AI6583,AirAsia India,CCU,CCU,91,No,Air Traffic
5/1/2022,AI8590,Air India,DEL,CCU,25,No,Technical
8/14/2024,AI3829,Air India,CCU,HYD,113,No,Technical
11/20/2021,AI5240,Vistara,MAA,CCU,110,No,Technical
8/25/2024,AI8110,SpiceJet,MAA,PNQ,6,No,Technical
1/14/2021,AI2398,Vistara,BLR,PNQ,22,No,Operational
4/17/2024,AI4585,Air India,PNQ,DEL,160,No,Late Arrival
8/14/2022,AI2042,IndiGo,HYD,BLR,164,No,Operational
11/21/2021,AI3553,Air India,CCU,HYD,211,No,Late Arrival
12/21/2023,AI9652,Vistara,CCU,PNQ,30,No,Operational
6/24/2024,AI5125,SpiceJet,BOM,DEL,149,No,Technical
7/15/2023,AI9467,AirAsia India,DEL,HYD,116,No,Weather
5/19/2024,AI9625,AirAsia India,HYD,BLR,250,No,Air Traffic
12/11/2023,AI4050,SpiceJet,BLR,HYD,263,No,Late Arrival
4/6/2023,AI7882,AirAsia India,HYD,DEL,212,No,Weather
12/2/2022,AI1916,AirAsia India,CCU,MAA,9,No,Technical
4/28/2024,AI5746,Vistara,BOM,PNQ,176,No,Late Arrival
10/11/2020,AI9639,SpiceJet,PNQ,BLR,224,No,Weather
1/31/2021,AI9330,GoAir,DEL,BOM,,Yes,
1/12/2020,AI3293,IndiGo,PNQ,BLR,84,No,Operational
6/18/2024,AI2421,IndiGo,BLR,BLR,209,No,Technical
8/18/2023,AI3224,AirAsia India,HYD,BLR,92,No,Operational
6/30/2023,AI1488,IndiGo,BLR,MAA,270,No,Operational
5/13/2021,AI8792,SpiceJet,CCU,PNQ,59,No,Technical
1/23/2022,AI7474,SpiceJet,BLR,DEL,43,No,Late Arrival
2/4/2020,AI2789,Air India,PNQ,PNQ,79,No,Air Traffic
12/27/2021,AI9754,Air India,BOM,BOM,149,No,Crew
4/28/2022,AI8015,IndiGo,BLR,DEL,38,No,Crew
3/30/2020,AI4980,GoAir,MAA,HYD,,Yes,
2/14/2022,AI3587,Air India,BOM,HYD,169,No,Air Traffic
8/27/2021,AI9850,Air India,HYD,HYD,139,No,Technical
8/27/2022,AI3309,SpiceJet,DEL,DEL,9,No,Crew
6/13/2024,AI1004,GoAir,DEL,CCU,43,No,Air Traffic
10/18/2022,AI1673,AirAsia India,CCU,MAA,268,No,Weather
2/21/2021,AI3480,IndiGo,CCU,CCU,174,No,Air Traffic
4/24/2020,AI5923,Air India,MAA,PNQ,152,No,Late Arrival
9/8/2021,AI6470,GoAir,HYD,HYD,105,No,Air Traffic
5/4/2023,AI6543,GoAir,PNQ,MAA,136,No,Operational
4/5/2022,AI9616,IndiGo,DEL,DEL,203,No,Operational
3/4/2024,AI3069,GoAir,DEL,HYD,102,No,Technical
7/7/2024,AI6555,GoAir,DEL,DEL,33,No,Operational
2/25/2024,AI7403,GoAir,PNQ,MAA,179,No,Weather
1/3/2023,AI6060,Air India,DEL,DEL,29,No,Air Traffic
2/16/2021,AI5664,IndiGo,BLR,DEL,114,No,Weather
10/31/2023,AI3888,GoAir,HYD,BOM,70,No,Technical
12/14/2023,AI4060,GoAir,BOM,PNQ,210,No,Operational
12/29/2021,AI2072,Air India,BOM,CCU,13,No,Crew
7/24/2023,AI6638,IndiGo,MAA,CCU,182,No,Air Traffic
10/17/2022,AI9021,SpiceJet,BLR,CCU,7,No,Crew
1/30/2022,AI7861,Air India,DEL,BLR,200,No,Late Arrival
11/6/2021,AI9063,IndiGo,DEL,BOM,92,No,Technical
11/18/2023,AI6138,GoAir,CCU,HYD,256,No,Late Arrival
4/1/2021,AI1393,IndiGo,CCU,HYD,27,No,Crew
7/8/2022,AI1905,IndiGo,MAA,HYD,235,No,Crew
7/10/2020,AI9661,AirAsia India,DEL,CCU,219,No,Crew
1/8/2022,AI6133,IndiGo,MAA,PNQ,2,No,Late Arrival
9/8/2024,AI7601,SpiceJet,BLR,CCU,104,No,Technical
1/27/2023,AI1718,IndiGo,BOM,PNQ,225,No,Air Traffic
4/20/2024,AI1741,SpiceJet,DEL,BOM,152,No,Air Traffic
9/4/2022,AI3651,GoAir,HYD,PNQ,89,No,Weather
10/5/2022,AI2813,SpiceJet,PNQ,DEL,134,No,Weather
4/5/2020,AI9031,GoAir,BLR,CCU,300,No,Crew
8/14/2024,AI4746,GoAir,DEL,HYD,94,No,Technical
10/24/2021,AI961,SpiceJet,PNQ,DEL,55,No,Technical
4/28/2023,AI9978,Air India,HYD,CCU,249,No,Operational
10/25/2024,AI4664,Vistara,CCU,MAA,9,No,Operational
2/6/2020,AI4130,IndiGo,MAA,BLR,121,No,Late Arrival
12/8/2024,AI2877,AirAsia India,CCU,CCU,128,No,Operational
10/24/2023,AI9032,Vistara,BOM,MAA,296,No,Air Traffic
9/14/2024,AI6281,IndiGo,CCU,BOM,218,No,Air Traffic
3/28/2024,AI6989,IndiGo,DEL,MAA,197,No,Late Arrival
10/5/2020,AI176,GoAir,HYD,BOM,128,No,Weather
8/4/2020,AI4118,IndiGo,CCU,CCU,5,No,Crew
5/16/2022,AI4996,AirAsia India,DEL,BOM,229,No,Technical
5/22/2022,AI9629,IndiGo,BOM,MAA,149,No,Weather
12/26/2024,AI7020,SpiceJet,PNQ,PNQ,25,No,Air Traffic
7/20/2023,AI6969,Vistara,HYD,BLR,86,No,Weather
3/2/2020,AI8831,SpiceJet,CCU,DEL,223,No,Late Arrival
8/18/2021,AI7757,AirAsia India,MAA,DEL,17,No,Crew
12/29/2021,AI2403,IndiGo,MAA,BLR,81,No,Air Traffic
9/27/2023,AI2528,AirAsia India,HYD,HYD,210,No,Late Arrival
1/31/2021,AI2235,GoAir,MAA,DEL,161,No,Weather
11/29/2021,AI8563,SpiceJet,CCU,CCU,46,No,Technical
11/8/2022,AI997,SpiceJet,CCU,HYD,214,No,Operational
6/25/2020,AI8258,Air India,HYD,CCU,138,No,Late Arrival
6/23/2024,AI9269,IndiGo,CCU,MAA,41,No,Air Traffic
1/30/2021,AI3957,GoAir,PNQ,MAA,104,No,Weather
3/20/2021,AI6024,SpiceJet,DEL,HYD,291,No,Operational
6/10/2023,AI2857,SpiceJet,BOM,HYD,146,No,Operational
3/16/2020,AI5709,GoAir,PNQ,HYD,50,No,Weather
9/21/2020,AI4554,AirAsia India,PNQ,HYD,1,No,Crew
3/30/2021,AI5130,AirAsia India,MAA,BOM,179,No,Weather
12/24/2024,AI691,IndiGo,DEL,PNQ,101,No,Air Traffic
12/18/2021,AI6494,Air India,HYD,HYD,253,No,Technical
1/4/2022,AI5771,SpiceJet,MAA,PNQ,148,No,Air Traffic
11/8/2023,AI5989,Air India,DEL,HYD,300,No,Operational
5/6/2024,AI1575,AirAsia India,CCU,MAA,76,No,Technical
4/30/2022,AI3102,AirAsia India,HYD,CCU,199,No,Late Arrival
3/9/2024,AI6278,Vistara,HYD,PNQ,264,No,Operational
10/22/2023,AI8957,IndiGo,MAA,MAA,287,No,Crew
5/23/2020,AI3735,Vistara,CCU,DEL,55,No,Weather
6/3/2022,AI3350,Vistara,MAA,BOM,266,No,Late Arrival
12/28/2022,AI3801,Vistara,BLR,BOM,219,No,Air Traffic
1/27/2023,AI8705,IndiGo,DEL,CCU,101,No,Technical
1/30/2021,AI9016,IndiGo,BLR,HYD,85,No,Late Arrival
11/14/2022,AI2701,GoAir,DEL,MAA,,Yes,
8/5/2022,AI6769,Air India,BOM,DEL,29,No,Crew
6/9/2022,AI3350,Air India,PNQ,MAA,167,No,Weather
2/1/2024,AI5098,GoAir,HYD,HYD,142,No,Late Arrival
2/16/2024,AI3781,GoAir,MAA,HYD,163,No,Air Traffic
5/7/2024,AI5929,AirAsia India,BOM,BLR,186,No,Technical
3/20/2023,AI1838,Vistara,BOM,MAA,277,No,Late Arrival
3/13/2023,AI5059,GoAir,HYD,CCU,188,No,Weather
7/22/2021,AI8556,SpiceJet,HYD,MAA,124,No,Air Traffic
11/28/2022,AI5200,Air India,DEL,BOM,136,No,Late Arrival
4/18/2020,AI8982,GoAir,BLR,DEL,120,No,Technical
9/12/2024,AI9247,SpiceJet,CCU,PNQ,298,No,Weather
12/1/2022,AI5231,SpiceJet,DEL,CCU,84,No,Crew
4/24/2023,AI1154,SpiceJet,CCU,BLR,254,No,Crew
7/23/2022,AI8496,AirAsia India,BOM,DEL,58,No,Operational
2/1/2021,AI3543,AirAsia India,CCU,DEL,82,No,Late Arrival
5/31/2023,AI5287,SpiceJet,BLR,PNQ,51,No,Technical
9/25/2021,AI1827,AirAsia India,DEL,BOM,184,No,Late Arrival
3/2/2023,AI1434,Vistara,HYD,BOM,110,No,Weather
4/1/2023,AI7460,SpiceJet,BLR,BOM,118,No,Operational
5/23/2023,AI1688,Vistara,PNQ,CCU,100,No,Technical
1/2/2022,AI2236,Vistara,BLR,MAA,0,No,
8/22/2020,AI6782,SpiceJet,PNQ,DEL,89,No,Late Arrival
10/19/2021,AI9218,Air India,DEL,MAA,162,No,Technical
1/20/2022,AI2082,SpiceJet,HYD,MAA,276,No,Weather
8/10/2021,AI663,SpiceJet,BLR,BOM,25,No,Operational
10/29/2022,AI9444,AirAsia India,PNQ,MAA,,Yes,
1/2/2023,AI138,SpiceJet,HYD,DEL,274,No,Technical
8/11/2022,AI4492,Air India,MAA,DEL,234,No,Weather
5/6/2021,AI4323,AirAsia India,MAA,HYD,247,No,Crew
7/1/2022,AI6971,IndiGo,MAA,BLR,78,No,Technical
6/30/2023,AI897,IndiGo,CCU,CCU,85,No,Operational
6/7/2023,AI1004,Vistara,BLR,MAA,284,No,Air Traffic
3/22/2024,AI9403,Vistara,DEL,CCU,169,No,Air Traffic
4/12/2023,AI2000,Air India,DEL,CCU,57,No,Technical
8/3/2024,AI6610,GoAir,CCU,CCU,141,No,Technical
4/6/2023,AI5895,IndiGo,DEL,PNQ,247,No,Weather
6/18/2020,AI6807,Vistara,PNQ,HYD,238,No,Late Arrival
11/17/2023,AI6405,IndiGo,MAA,CCU,9,No,Air Traffic
8/3/2022,AI620,Air India,BLR,HYD,48,No,Late Arrival
3/5/2022,AI8963,Air India,DEL,DEL,177,No,Air Traffic
9/25/2021,AI4841,GoAir,DEL,PNQ,107,No,Technical
5/2/2023,AI143,GoAir,BOM,MAA,244,No,Operational
3/20/2024,AI6164,AirAsia India,BOM,HYD,259,No,Operational
1/29/2020,AI7665,Air India,BOM,BLR,142,No,Air Traffic
4/3/2023,AI1071,Vistara,BLR,CCU,170,No,Air Traffic
12/16/2023,AI7081,IndiGo,MAA,PNQ,246,No,Weather
12/4/2020,AI8687,SpiceJet,HYD,BLR,166,No,Technical
7/29/2024,AI2313,GoAir,MAA,DEL,258,No,Technical
2/28/2024,AI9826,SpiceJet,MAA,DEL,125,No,Late Arrival
10/20/2023,AI8799,Vistara,BLR,BOM,188,No,Weather
9/27/2023,AI9131,GoAir,PNQ,CCU,28,No,Crew
5/14/2021,AI6208,SpiceJet,PNQ,BOM,10,No,Operational
8/7/2024,AI1985,Vistara,BLR,PNQ,228,No,Operational
5/25/2021,AI9180,IndiGo,BOM,BLR,215,No,Technical
9/12/2023,AI5772,Vistara,DEL,MAA,5,No,Weather
8/4/2020,AI2735,AirAsia India,CCU,BOM,218,No,Crew
8/17/2023,AI3278,GoAir,CCU,DEL,172,No,Operational
3/1/2023,AI397,Air India,HYD,CCU,26,No,Weather
12/29/2022,AI2314,IndiGo,DEL,BLR,78,No,Crew
6/29/2023,AI914,SpiceJet,HYD,HYD,105,No,Air Traffic
12/9/2023,AI7092,GoAir,BOM,PNQ,18,No,Technical
12/15/2024,AI1344,Air India,HYD,PNQ,230,No,Late Arrival
3/20/2021,AI2098,Vistara,DEL,DEL,170,No,Operational
5/25/2022,AI9452,Air India,DEL,HYD,168,No,Operational
4/20/2023,AI2254,GoAir,CCU,PNQ,255,No,Crew
6/15/2020,AI8637,GoAir,PNQ,MAA,44,No,Late Arrival
3/31/2020,AI2579,AirAsia India,BOM,CCU,56,No,Air Traffic
12/14/2021,AI9807,AirAsia India,BLR,MAA,162,No,Weather
4/3/2024,AI1298,Air India,HYD,PNQ,47,No,Technical
2/8/2020,AI231,Vistara,CCU,MAA,72,No,Weather
2/23/2023,AI2607,Air India,HYD,PNQ,86,No,Crew
1/14/2024,AI9150,GoAir,HYD,CCU,179,No,Operational
6/21/2020,AI8941,GoAir,BLR,CCU,20,No,Air Traffic
10/14/2021,AI9893,SpiceJet,BOM,HYD,91,No,Operational
1/23/2022,AI7007,AirAsia India,DEL,MAA,265,No,Weather
5/28/2023,AI462,SpiceJet,MAA,BLR,179,No,Air Traffic
7/19/2024,AI6809,IndiGo,HYD,HYD,,Yes,
12/17/2022,AI6433,GoAir,MAA,CCU,58,No,Technical
8/10/2024,AI6132,SpiceJet,BOM,DEL,36,No,Crew
4/20/2021,AI6657,Air India,MAA,PNQ,133,No,Technical
3/31/2021,AI3986,AirAsia India,HYD,HYD,228,No,Crew
4/8/2022,AI468,AirAsia India,BLR,BOM,,Yes,
6/13/2022,AI1369,Vistara,MAA,BLR,202,No,Technical
10/16/2023,AI3323,Air India,BOM,PNQ,207,No,Weather
10/21/2022,AI2273,Vistara,BOM,HYD,0,No,
1/21/2021,AI575,SpiceJet,PNQ,CCU,49,No,Late Arrival
12/13/2020,AI839,IndiGo,PNQ,CCU,38,No,Air Traffic
7/8/2020,AI8076,Air India,BLR,BLR,24,No,Crew
5/19/2021,AI8462,Air India,MAA,BOM,204,No,Weather
4/29/2023,AI4932,Air India,MAA,HYD,97,No,Operational
3/11/2024,AI5432,Vistara,PNQ,HYD,220,No,Operational
10/24/2023,AI5045,SpiceJet,DEL,MAA,196,No,Technical
12/3/2023,AI6887,Air India,CCU,DEL,97,No,Operational
4/3/2022,AI747,Air India,BOM,CCU,79,No,Late Arrival
7/17/2022,AI4130,AirAsia India,DEL,HYD,29,No,Crew
7/22/2022,AI6211,IndiGo,BOM,HYD,95,No,Technical
2/14/2023,AI185,AirAsia India,DEL,PNQ,,Yes,
5/13/2020,AI2252,AirAsia India,PNQ,PNQ,,Yes,
2/27/2020,AI5738,IndiGo,PNQ,HYD,235,No,Crew
4/28/2024,AI580,SpiceJet,CCU,BOM,223,No,Crew
11/15/2021,AI7344,AirAsia India,DEL,DEL,263,No,Weather
11/2/2021,AI7553,SpiceJet,BOM,HYD,51,No,Operational
6/21/2020,AI4057,AirAsia India,MAA,BLR,200,No,Air Traffic
3/25/2022,AI7790,GoAir,BOM,CCU,182,No,Crew
3/18/2023,AI3871,IndiGo,HYD,MAA,264,No,Late Arrival
3/20/2020,AI6986,AirAsia India,PNQ,PNQ,276,No,Late Arrival
6/4/2022,AI3909,GoAir,BLR,BLR,40,No,Air Traffic
5/21/2023,AI5223,Vistara,BLR,CCU,38,No,Operational
7/21/2020,AI3161,GoAir,PNQ,PNQ,197,No,Operational
2/2/2022,AI3410,Air India,HYD,BOM,80,No,Technical
6/6/2023,AI7592,AirAsia India,BLR,PNQ,212,No,Technical
8/26/2024,AI7519,GoAir,PNQ,DEL,99,No,Technical
6/4/2023,AI6929,SpiceJet,BLR,DEL,234,No,Operational
8/9/2024,AI4370,Vistara,PNQ,CCU,,Yes,
4/4/2024,AI4874,AirAsia India,CCU,BLR,,Yes,
1/4/2024,AI3723,Air India,MAA,MAA,160,No,Crew
11/26/2023,AI8805,GoAir,MAA,BOM,85,No,Weather
2/16/2020,AI1735,Vistara,BOM,CCU,202,No,Air Traffic
6/10/2023,AI8861,AirAsia India,HYD,BOM,71,No,Air Traffic
8/21/2023,AI2924,Vistara,PNQ,DEL,132,No,Air Traffic
3/29/2024,AI9623,Air India,DEL,HYD,110,No,Technical
3/12/2023,AI1441,GoAir,BOM,HYD,145,No,Weather
12/9/2023,AI8469,Vistara,BOM,MAA,,Yes,
3/16/2024,AI6587,Vistara,PNQ,BOM,178,No,Late Arrival
10/28/2023,AI9370,IndiGo,PNQ,CCU,298,No,Operational
5/8/2024,AI5083,Vistara,BOM,MAA,242,No,Late Arrival
7/6/2023,AI1595,IndiGo,BOM,PNQ,222,No,Technical
10/17/2021,AI2373,GoAir,MAA,PNQ,122,No,Crew
4/15/2021,AI1204,AirAsia India,DEL,BLR,245,No,Technical
8/28/2022,AI5232,AirAsia India,BOM,HYD,222,No,Weather
11/1/2022,AI2416,GoAir,MAA,CCU,127,No,Technical
9/15/2023,AI4681,GoAir,BOM,BOM,123,No,Air Traffic
1/5/2022,AI8944,SpiceJet,BLR,MAA,44,No,Crew
2/22/2022,AI2851,GoAir,BOM,CCU,9,No,Crew
8/25/2022,AI1487,Vistara,PNQ,MAA,3,No,Operational
12/23/2020,AI5708,AirAsia India,HYD,MAA,32,No,Operational
8/29/2022,AI7593,Air India,HYD,MAA,144,No,Air Traffic
12/2/2023,AI1853,AirAsia India,BOM,BOM,170,No,Crew
10/29/2021,AI5990,IndiGo,CCU,CCU,192,No,Air Traffic
1/7/2021,AI6546,AirAsia India,BLR,DEL,203,No,Crew
10/28/2022,AI3006,SpiceJet,DEL,DEL,275,No,Weather
2/19/2023,AI8950,GoAir,BOM,BOM,300,No,Technical
10/3/2023,AI4461,GoAir,DEL,PNQ,97,No,Operational
11/6/2021,AI8372,AirAsia India,BLR,BOM,12,No,Weather
3/30/2020,AI8243,Air India,BOM,HYD,20,No,Technical
7/29/2024,AI3925,Air India,CCU,MAA,280,No,Operational
11/28/2021,AI194,SpiceJet,MAA,CCU,184,No,Air Traffic
9/1/2023,AI3947,IndiGo,CCU,CCU,252,No,Weather
4/16/2023,AI2127,AirAsia India,PNQ,BLR,48,No,Late Arrival
6/23/2021,AI821,GoAir,CCU,BLR,89,No,Late Arrival
1/1/2022,AI9787,AirAsia India,MAA,DEL,90,No,Operational
5/18/2022,AI7710,SpiceJet,PNQ,BLR,243,No,Weather
2/10/2020,AI2838,Vistara,MAA,BLR,106,No,Technical
1/9/2022,AI3317,Vistara,HYD,DEL,210,No,Technical
9/23/2024,AI5939,SpiceJet,MAA,HYD,211,No,Weather
5/16/2021,AI5285,GoAir,BOM,PNQ,15,No,Late Arrival
8/16/2022,AI2370,SpiceJet,DEL,DEL,,Yes,
3/14/2023,AI5979,GoAir,HYD,PNQ,,Yes,
5/9/2023,AI1560,Air India,HYD,BLR,167,No,Weather
7/17/2022,AI7768,SpiceJet,DEL,CCU,207,No,Late Arrival
10/13/2024,AI8478,GoAir,HYD,BLR,51,No,Late Arrival
4/5/2021,AI3435,SpiceJet,MAA,MAA,134,No,Air Traffic
1/1/2022,AI8320,SpiceJet,CCU,PNQ,115,No,Air Traffic
1/21/2022,AI6665,GoAir,BLR,PNQ,166,No,Technical
7/13/2022,AI3213,GoAir,MAA,MAA,154,No,Operational
6/27/2022,AI3974,IndiGo,PNQ,MAA,31,No,Crew
4/30/2024,AI111,SpiceJet,PNQ,HYD,279,No,Weather
4/19/2024,AI9796,Vistara,CCU,BOM,106,No,Late Arrival
6/30/2023,AI4042,SpiceJet,CCU,MAA,66,No,Weather
1/24/2021,AI564,SpiceJet,HYD,PNQ,267,No,Operational
6/5/2024,AI2421,GoAir,BOM,CCU,159,No,Operational
6/1/2022,AI1841,SpiceJet,BOM,PNQ,9,No,Crew
9/12/2020,AI828,AirAsia India,HYD,PNQ,131,No,Crew
12/9/2021,AI409,SpiceJet,HYD,HYD,220,No,Late Arrival
3/25/2021,AI6294,AirAsia India,DEL,BOM,186,No,Air Traffic
1/10/2020,AI1078,Vistara,DEL,BOM,98,No,Crew
4/3/2022,AI8644,GoAir,BLR,MAA,97,No,Air Traffic
3/8/2022,AI604,SpiceJet,BLR,BLR,198,No,Air Traffic
6/19/2023,AI9112,AirAsia India,BLR,PNQ,264,No,Late Arrival
6/28/2023,AI8973,AirAsia India,BLR,DEL,274,No,Technical
5/26/2022,AI3224,AirAsia India,CCU,BLR,252,No,Air Traffic
10/25/2022,AI3817,Air India,CCU,BLR,174,No,Late Arrival
2/16/2023,AI1294,IndiGo,DEL,BOM,282,No,Crew
10/12/2022,AI2176,Vistara,BOM,BOM,51,No,Weather
12/29/2024,AI6949,SpiceJet,HYD,HYD,6,No,Crew
1/8/2021,AI8343,Air India,PNQ,HYD,164,No,Operational
12/24/2022,AI1513,SpiceJet,BOM,BOM,54,No,Crew
5/25/2020,AI4665,SpiceJet,MAA,CCU,201,No,Technical
8/11/2020,AI4047,GoAir,CCU,CCU,223,No,Late Arrival
6/16/2023,AI2596,GoAir,BLR,DEL,208,No,Air Traffic
6/25/2020,AI5337,GoAir,BLR,BOM,49,No,Operational
12/7/2024,AI761,Air India,MAA,MAA,178,No,Late Arrival
5/2/2022,AI618,SpiceJet,BOM,HYD,206,No,Late Arrival
7/29/2023,AI4162,IndiGo,BLR,BOM,177,No,Air Traffic
3/3/2020,AI1105,Vistara,BOM,CCU,60,No,Crew
5/25/2023,AI6836,GoAir,HYD,BOM,19,No,Weather
4/6/2022,AI6601,GoAir,MAA,CCU,134,No,Operational
3/5/2022,AI1195,SpiceJet,PNQ,BOM,144,No,Air Traffic
11/19/2021,AI5751,SpiceJet,BOM,PNQ,85,No,Technical
1/24/2024,AI8681,Air India,HYD,MAA,222,No,Technical
6/21/2024,AI253,Air India,BOM,DEL,223,No,Weather
4/14/2020,AI7278,GoAir,BOM,PNQ,113,No,Weather
1/27/2023,AI7850,SpiceJet,BLR,MAA,83,No,Crew
5/25/2021,AI3275,IndiGo,DEL,CCU,296,No,Technical
1/19/2021,AI4398,Vistara,CCU,HYD,20,No,Operational
2/8/2021,AI471,SpiceJet,BOM,HYD,254,No,Air Traffic
4/2/2022,AI9009,SpiceJet,BOM,BLR,65,No,Weather
6/1/2021,AI102,AirAsia India,BOM,MAA,233,No,Weather
4/20/2021,AI9593,Air India,DEL,BOM,154,No,Weather
12/9/2021,AI5529,Vistara,HYD,DEL,220,No,Air Traffic
7/26/2024,AI2548,GoAir,PNQ,BOM,215,No,Operational
2/9/2022,AI5575,SpiceJet,PNQ,BOM,227,No,Technical
12/31/2023,AI8950,GoAir,MAA,MAA,173,No,Operational
11/12/2022,AI9117,SpiceJet,BLR,DEL,105,No,Air Traffic
9/23/2022,AI4042,GoAir,DEL,BLR,152,No,Operational
5/7/2024,AI9085,Vistara,HYD,PNQ,81,No,Crew
11/7/2021,AI6087,Air India,BOM,BOM,105,No,Air Traffic
12/14/2021,AI7947,Vistara,HYD,DEL,133,No,Weather
1/21/2024,AI8466,AirAsia India,DEL,BLR,18,No,Technical
3/23/2020,AI6581,IndiGo,DEL,PNQ,56,No,Crew
3/14/2023,AI6423,Air India,DEL,BOM,275,No,Crew
1/13/2023,AI5006,Vistara,MAA,DEL,215,No,Air Traffic
1/6/2023,AI4341,AirAsia India,CCU,PNQ,58,No,Late Arrival
4/1/2021,AI3405,IndiGo,BLR,MAA,110,No,Weather
1/1/2020,AI8627,AirAsia India,MAA,HYD,300,No,Technical
2/20/2020,AI7432,SpiceJet,MAA,HYD,256,No,Technical
11/15/2021,AI4181,SpiceJet,CCU,BOM,124,No,Technical
12/17/2021,AI7515,GoAir,MAA,BOM,176,No,Air Traffic
11/30/2024,AI8220,Air India,DEL,PNQ,9,No,Weather
1/9/2024,AI4216,SpiceJet,DEL,DEL,231,No,Air Traffic
3/24/2021,AI1096,AirAsia India,HYD,HYD,183,No,Technical
5/30/2022,AI9415,Air India,BOM,BOM,158,No,Operational
5/2/2021,AI2535,SpiceJet,MAA,BLR,190,No,Operational
12/28/2024,AI6731,GoAir,BOM,BOM,243,No,Weather
2/3/2020,AI1365,Vistara,BLR,HYD,74,No,Technical
10/3/2023,AI8553,GoAir,PNQ,CCU,27,No,Air Traffic
4/4/2020,AI5118,IndiGo,DEL,HYD,126,No,Late Arrival
12/31/2022,AI5483,SpiceJet,HYD,BLR,300,No,Late Arrival
4/23/2024,AI7145,IndiGo,BLR,DEL,224,No,Late Arrival
6/2/2020,AI9105,IndiGo,HYD,BLR,230,No,Operational
9/6/2020,AI3402,AirAsia India,PNQ,CCU,186,No,Air Traffic
11/4/2021,AI8281,Air India,PNQ,CCU,260,No,Late Arrival
3/13/2021,AI4190,AirAsia India,CCU,BOM,272,No,Technical
4/27/2020,AI4634,SpiceJet,DEL,BOM,273,No,Technical
2/9/2022,AI2706,IndiGo,BLR,HYD,10,No,Late Arrival
8/22/2023,AI2750,Vistara,CCU,MAA,137,No,Crew
9/24/2020,AI2903,IndiGo,PNQ,BLR,185,No,Late Arrival
12/13/2022,AI703,Vistara,BLR,HYD,91,No,Crew
8/23/2020,AI9541,AirAsia India,HYD,MAA,195,No,Weather
1/23/2021,AI8010,AirAsia India,CCU,HYD,125,No,Weather
9/16/2022,AI5967,Air India,CCU,CCU,249,No,Technical
10/23/2024,AI6180,IndiGo,DEL,BOM,106,No,Air Traffic
2/1/2022,AI4573,GoAir,BOM,BOM,259,No,Operational
2/4/2021,AI958,AirAsia India,HYD,HYD,5,No,Air Traffic
9/15/2021,AI6634,AirAsia India,HYD,BOM,241,No,Technical
2/5/2022,AI2482,Air India,CCU,DEL,191,No,Technical
8/19/2023,AI4632,Vistara,CCU,HYD,123,No,Air Traffic
7/7/2022,AI5388,Air India,DEL,CCU,210,No,Operational
5/15/2023,AI5777,IndiGo,BOM,PNQ,49,No,Technical
6/6/2023,AI9066,SpiceJet,HYD,HYD,244,No,Operational
5/2/2022,AI6867,SpiceJet,PNQ,HYD,112,No,Technical
7/31/2021,AI8034,Vistara,MAA,BOM,276,No,Weather
3/15/2020,AI4467,AirAsia India,MAA,CCU,246,No,Crew
3/10/2021,AI3162,Vistara,BOM,HYD,40,No,Technical
4/12/2020,AI909,AirAsia India,BLR,BOM,40,No,Crew
12/16/2023,AI1454,AirAsia India,DEL,BLR,74,No,Late Arrival
9/23/2024,AI2414,SpiceJet,BOM,CCU,111,No,Technical
2/2/2022,AI5508,Vistara,MAA,MAA,150,No,Weather
1/7/2022,AI4303,Air India,CCU,DEL,109,No,Operational
3/16/2022,AI3536,AirAsia India,MAA,MAA,212,No,Weather
8/22/2023,AI489,GoAir,CCU,PNQ,243,No,Crew
4/7/2020,AI2768,GoAir,DEL,CCU,144,No,Operational
3/8/2022,AI117,Air India,CCU,HYD,296,No,Weather
9/20/2023,AI7836,GoAir,BOM,BOM,162,No,Weather
5/8/2022,AI5809,IndiGo,CCU,PNQ,229,No,Weather
3/10/2021,AI6052,AirAsia India,BLR,CCU,183,No,Air Traffic
3/22/2021,AI4573,Air India,BOM,DEL,289,No,Operational
8/24/2023,AI1943,Vistara,DEL,CCU,70,No,Weather
9/5/2020,AI276,AirAsia India,BOM,PNQ,77,No,Weather
6/14/2020,AI9151,Air India,BLR,BOM,101,No,Crew
2/13/2024,AI9425,SpiceJet,DEL,MAA,146,No,Weather
9/10/2022,AI7830,Vistara,MAA,BLR,190,No,Weather
9/20/2023,AI2530,SpiceJet,BLR,MAA,291,No,Late Arrival
10/16/2022,AI5955,AirAsia India,DEL,BOM,291,No,Operational
6/25/2021,AI4462,Vistara,PNQ,PNQ,159,No,Late Arrival
1/28/2022,AI3506,GoAir,CCU,BOM,129,No,Air Traffic
2/3/2023,AI2250,Air India,BOM,DEL,143,No,Crew
5/5/2024,AI6657,AirAsia India,DEL,CCU,178,No,Late Arrival
3/21/2020,AI4939,IndiGo,BOM,CCU,32,No,Air Traffic
5/12/2020,AI4723,Vistara,CCU,MAA,247,No,Technical
3/7/2022,AI8439,Vistara,DEL,PNQ,227,No,Operational
6/18/2022,AI3586,AirAsia India,MAA,BLR,69,No,Weather
5/17/2020,AI3974,AirAsia India,PNQ,BLR,167,No,Late Arrival
7/2/2020,AI3379,SpiceJet,PNQ,DEL,148,No,Late Arrival
11/25/2023,AI2766,GoAir,BLR,BOM,87,No,Weather
9/15/2023,AI3587,SpiceJet,DEL,DEL,119,No,Weather
2/23/2022,AI4722,SpiceJet,CCU,CCU,59,No,Crew
3/11/2024,AI9411,GoAir,DEL,HYD,77,No,Late Arrival
9/10/2022,AI1666,IndiGo,BOM,HYD,112,No,Late Arrival
3/9/2020,AI9171,SpiceJet,HYD,HYD,113,No,Technical
6/29/2021,AI4719,SpiceJet,DEL,BOM,,Yes,
12/2/2024,AI440,Vistara,PNQ,DEL,196,No,Air Traffic
2/22/2020,AI6487,GoAir,PNQ,PNQ,274,No,Technical
1/13/2024,AI745,Air India,PNQ,MAA,277,No,Late Arrival
7/23/2020,AI932,IndiGo,MAA,CCU,27,No,Technical
5/5/2020,AI1503,IndiGo,DEL,HYD,264,No,Late Arrival
11/5/2024,AI9894,GoAir,BLR,PNQ,89,No,Operational
2/12/2020,AI7655,AirAsia India,DEL,BLR,28,No,Crew
11/10/2024,AI1479,AirAsia India,HYD,DEL,187,No,Technical
4/20/2020,AI9995,Vistara,PNQ,CCU,51,No,Late Arrival
1/30/2022,AI8906,Vistara,BOM,CCU,272,No,Technical
8/13/2024,AI1231,GoAir,PNQ,BLR,208,No,Air Traffic
4/21/2023,AI4135,Vistara,DEL,BLR,123,No,Crew
4/27/2022,AI3175,IndiGo,MAA,BLR,16,No,Operational
4/4/2020,AI9340,IndiGo,CCU,HYD,206,No,Weather
10/29/2023,AI8520,Air India,DEL,HYD,121,No,Weather
3/23/2024,AI3150,AirAsia India,DEL,DEL,149,No,Technical
6/18/2022,AI8678,GoAir,BLR,BLR,42,No,Late Arrival
12/25/2020,AI1469,SpiceJet,MAA,MAA,114,No,Air Traffic
6/18/2022,AI2414,AirAsia India,HYD,CCU,74,No,Crew
9/15/2024,AI9506,SpiceJet,CCU,BLR,67,No,Operational
10/7/2020,AI6898,Air India,PNQ,CCU,48,No,Operational
5/3/2023,AI268,Air India,BOM,BOM,280,No,Operational
5/3/2023,AI5972,Vistara,DEL,PNQ,159,No,Weather
10/28/2021,AI1959,Air India,HYD,BOM,,Yes,
4/2/2020,AI3639,Air India,CCU,BLR,90,No,Crew
11/2/2021,AI7051,SpiceJet,BOM,CCU,140,No,Weather
3/1/2020,AI4226,Vistara,HYD,PNQ,82,No,Technical
9/25/2021,AI2356,Air India,MAA,BOM,72,No,Operational
12/10/2022,AI2676,AirAsia India,MAA,BLR,249,No,Crew
11/27/2023,AI1701,Air India,CCU,CCU,221,No,Operational
12/17/2024,AI3246,Vistara,PNQ,BLR,159,No,Weather
10/25/2022,AI8229,GoAir,BOM,HYD,5,No,Weather
1/29/2024,AI9923,Vistara,MAA,CCU,244,No,Weather
8/26/2021,AI5027,SpiceJet,CCU,BOM,184,No,Operational
11/12/2021,AI9031,GoAir,MAA,BLR,,Yes,
6/17/2021,AI5611,AirAsia India,MAA,BOM,254,No,Crew
11/29/2023,AI2267,IndiGo,HYD,BLR,120,No,Crew
4/17/2022,AI5877,Vistara,HYD,DEL,41,No,Technical
3/16/2024,AI3906,SpiceJet,MAA,BOM,232,No,Operational
10/6/2021,AI6205,AirAsia India,BLR,BOM,27,No,Technical
8/20/2020,AI1954,GoAir,HYD,MAA,287,No,Air Traffic
6/7/2021,AI4155,AirAsia India,BOM,PNQ,235,No,Technical
12/11/2020,AI4159,Vistara,CCU,HYD,280,No,Technical
12/5/2022,AI8198,Air India,CCU,BOM,260,No,Technical
6/29/2021,AI859,Vistara,PNQ,CCU,123,No,Weather
1/6/2023,AI7000,IndiGo,BOM,PNQ,35,No,Air Traffic
10/19/2024,AI5168,Vistara,BOM,BLR,67,No,Technical
1/1/2023,AI8621,GoAir,BOM,DEL,134,No,Crew
3/4/2022,AI4069,GoAir,PNQ,CCU,87,No,Technical
9/5/2020,AI585,Vistara,BOM,PNQ,272,No,Weather
2/16/2020,AI2173,GoAir,DEL,CCU,91,No,Late Arrival
2/18/2023,AI3227,Air India,PNQ,CCU,180,No,Air Traffic
8/1/2020,AI6140,AirAsia India,CCU,CCU,219,No,Late Arrival
8/26/2020,AI1309,Vistara,DEL,PNQ,281,No,Late Arrival
12/15/2022,AI3798,Air India,PNQ,DEL,74,No,Air Traffic
12/15/2020,AI1293,AirAsia India,MAA,MAA,237,No,Operational
4/16/2020,AI7232,AirAsia India,MAA,HYD,108,No,Crew
4/10/2022,AI3634,Air India,CCU,BOM,33,No,Weather
2/17/2020,AI5156,SpiceJet,MAA,PNQ,142,No,Air Traffic
5/15/2024,AI9667,Vistara,BOM,CCU,105,No,Late Arrival
12/2/2020,AI5206,AirAsia India,PNQ,BOM,112,No,Weather
11/15/2022,AI8377,AirAsia India,DEL,PNQ,290,No,Weather
3/14/2022,AI5999,GoAir,BOM,BOM,88,No,Operational
7/4/2023,AI9567,AirAsia India,MAA,CCU,179,No,Late Arrival
1/8/2020,AI4574,Air India,HYD,MAA,46,No,Technical
9/16/2021,AI6859,AirAsia India,DEL,PNQ,30,No,Weather
6/30/2023,AI1043,SpiceJet,BOM,BOM,163,No,Late Arrival
9/11/2024,AI954,Vistara,PNQ,BLR,196,No,Weather
12/19/2021,AI4987,Vistara,CCU,BOM,185,No,Operational
10/29/2020,AI5247,AirAsia India,BOM,HYD,,Yes,
9/30/2021,AI6144,IndiGo,HYD,CCU,185,No,Operational
2/25/2020,AI738,IndiGo,MAA,DEL,221,No,Technical
12/26/2021,AI3459,Air India,DEL,BOM,256,No,Operational
6/9/2021,AI5120,IndiGo,CCU,MAA,38,No,Late Arrival
4/18/2021,AI320,Air India,DEL,BLR,12,No,Air Traffic
1/28/2020,AI3516,GoAir,CCU,BLR,161,No,Operational
3/18/2020,AI8602,Air India,PNQ,DEL,104,No,Air Traffic
5/24/2023,AI5106,IndiGo,DEL,HYD,127,No,Technical
11/10/2023,AI9256,AirAsia India,MAA,DEL,39,No,Crew
12/30/2020,AI5679,GoAir,PNQ,HYD,296,No,Weather
10/27/2021,AI3635,IndiGo,PNQ,BOM,144,No,Weather
6/9/2021,AI6904,Air India,CCU,CCU,254,No,Late Arrival
11/29/2021,AI4396,SpiceJet,BLR,MAA,68,No,Technical
8/28/2023,AI1214,Vistara,DEL,BLR,276,No,Technical
6/1/2022,AI3757,IndiGo,DEL,DEL,248,No,Technical
10/27/2022,AI1114,Air India,BOM,MAA,147,No,Weather
10/23/2022,AI7411,GoAir,CCU,HYD,,Yes,
7/4/2024,AI3838,IndiGo,HYD,CCU,0,No,
7/7/2022,AI3691,IndiGo,BLR,BLR,263,No,Operational
1/19/2022,AI3710,Vistara,MAA,BLR,23,No,Weather
12/28/2020,AI2512,Air India,BOM,HYD,54,No,Weather
11/9/2024,AI8526,SpiceJet,BLR,CCU,282,No,Weather
3/11/2024,AI8202,GoAir,CCU,BLR,8,No,Operational
7/21/2023,AI5932,Air India,BLR,CCU,23,No,Crew
3/9/2024,AI8783,GoAir,PNQ,BLR,31,No,Late Arrival
3/16/2022,AI2700,IndiGo,DEL,BOM,288,No,Crew
1/8/2022,AI8980,Vistara,PNQ,HYD,81,No,Crew
11/4/2022,AI8696,Vistara,DEL,CCU,99,No,Weather
4/30/2023,AI2542,AirAsia India,BOM,MAA,16,No,Crew
7/12/2024,AI5605,SpiceJet,CCU,BOM,82,No,Weather
4/29/2021,AI5834,Vistara,CCU,PNQ,181,No,Weather
1/28/2020,AI6576,IndiGo,BLR,MAA,205,No,Late Arrival
12/14/2021,AI5967,SpiceJet,BOM,HYD,160,No,Technical
11/28/2022,AI1833,Air India,CCU,BLR,176,No,Weather
7/20/2023,AI9717,Vistara,HYD,PNQ,282,No,Crew
6/8/2023,AI6753,SpiceJet,HYD,MAA,7,No,Late Arrival
3/26/2020,AI8484,IndiGo,PNQ,BOM,197,No,Air Traffic
2/6/2024,AI2642,AirAsia India,DEL,PNQ,111,No,Air Traffic
5/5/2020,AI8733,GoAir,BLR,PNQ,292,No,Air Traffic
3/22/2022,AI6108,GoAir,MAA,CCU,94,No,Crew
6/20/2021,AI4519,IndiGo,DEL,DEL,40,No,Technical
5/24/2020,AI8756,IndiGo,BOM,MAA,94,No,Operational
3/28/2024,AI6711,GoAir,CCU,DEL,60,No,Technical
5/20/2023,AI5973,AirAsia India,DEL,HYD,173,No,Late Arrival
1/25/2020,AI357,SpiceJet,MAA,MAA,10,No,Technical
5/22/2024,AI7328,GoAir,MAA,MAA,169,No,Air Traffic
11/18/2023,AI4840,IndiGo,HYD,CCU,91,No,Technical
3/7/2020,AI2149,Vistara,BOM,BLR,74,No,Late Arrival
8/20/2020,AI5966,Air India,DEL,BOM,228,No,Late Arrival
4/18/2020,AI8328,AirAsia India,BLR,BOM,231,No,Air Traffic
3/15/2023,AI7852,AirAsia India,DEL,BOM,48,No,Crew
4/20/2020,AI7797,Vistara,HYD,HYD,34,No,Weather
8/15/2020,AI7720,Vistara,PNQ,PNQ,260,No,Operational
4/20/2020,AI5895,IndiGo,MAA,BLR,46,No,Operational
2/2/2024,AI630,GoAir,BOM,DEL,99,No,Air Traffic
2/3/2020,AI2766,SpiceJet,BOM,BOM,50,No,Operational
9/14/2021,AI2151,AirAsia India,BLR,DEL,292,No,Technical
12/4/2024,AI584,AirAsia India,BOM,BLR,143,No,Late Arrival
10/24/2023,AI2116,Vistara,HYD,HYD,296,No,Late Arrival
1/17/2022,AI4334,GoAir,HYD,BLR,138,No,Air Traffic
8/17/2021,AI6347,AirAsia India,HYD,CCU,63,No,Late Arrival
4/26/2024,AI1189,SpiceJet,BOM,PNQ,148,No,Weather
2/28/2021,AI9878,Vistara,BOM,BOM,269,No,Late Arrival
9/4/2021,AI9858,SpiceJet,HYD,HYD,205,No,Late Arrival
3/21/2024,AI6675,GoAir,BOM,CCU,255,No,Technical
11/22/2021,AI4144,AirAsia India,BOM,BOM,246,No,Crew
7/29/2023,AI1522,Air India,MAA,BLR,27,No,Operational
9/5/2023,AI1869,AirAsia India,DEL,BLR,280,No,Technical
10/27/2024,AI4945,GoAir,CCU,MAA,183,No,Technical
1/6/2024,AI7810,AirAsia India,BOM,MAA,46,No,Technical
11/10/2020,AI8256,AirAsia India,CCU,BLR,211,No,Operational
5/26/2022,AI9161,IndiGo,PNQ,BLR,57,No,Air Traffic
10/30/2024,AI6647,AirAsia India,CCU,DEL,50,No,Technical
11/1/2023,AI9453,AirAsia India,MAA,PNQ,168,No,Crew
8/5/2023,AI3248,SpiceJet,BOM,DEL,289,No,Air Traffic
12/31/2023,AI9345,Air India,HYD,PNQ,176,No,Late Arrival
10/23/2021,AI782,SpiceJet,CCU,CCU,24,No,Crew
10/3/2020,AI8076,SpiceJet,BOM,MAA,287,No,Air Traffic
9/29/2024,AI9178,Vistara,BLR,MAA,281,No,Late Arrival
5/24/2024,AI3799,IndiGo,PNQ,BLR,145,No,Late Arrival
3/6/2024,AI5101,SpiceJet,HYD,BLR,0,No,
9/15/2021,AI9845,GoAir,BLR,CCU,161,No,Technical
5/30/2021,AI3186,GoAir,BLR,HYD,127,No,Technical
10/5/2023,AI9616,AirAsia India,CCU,HYD,150,No,Operational
4/22/2022,AI9451,Vistara,BLR,HYD,172,No,Weather
1/9/2024,AI1158,IndiGo,MAA,MAA,115,No,Crew
12/15/2020,AI5603,IndiGo,MAA,DEL,277,No,Operational
6/18/2024,AI5759,AirAsia India,CCU,HYD,29,No,Operational
8/14/2024,AI986,GoAir,BOM,BOM,269,No,Crew
4/2/2022,AI9443,Air India,DEL,CCU,89,No,Air Traffic
3/6/2023,AI9557,Vistara,BOM,HYD,56,No,Crew
1/28/2022,AI8788,AirAsia India,BOM,BOM,77,No,Late Arrival
6/17/2022,AI4511,Vistara,BOM,HYD,218,No,Weather
8/30/2020,AI3272,GoAir,BOM,DEL,211,No,Air Traffic
6/26/2021,AI6456,GoAir,HYD,DEL,151,No,Technical
11/29/2022,AI8693,Air India,DEL,HYD,261,No,Weather
8/16/2020,AI7438,Air India,HYD,BOM,242,No,Weather
7/1/2021,AI5756,IndiGo,BLR,CCU,145,No,Technical
7/8/2022,AI3612,Vistara,PNQ,BOM,206,No,Weather
5/31/2023,AI7448,Vistara,BOM,CCU,71,No,Air Traffic
1/6/2020,AI4597,GoAir,PNQ,HYD,194,No,Air Traffic
9/7/2023,AI5587,IndiGo,MAA,CCU,61,No,Air Traffic
4/12/2021,AI5695,AirAsia India,CCU,BLR,100,No,Operational
10/21/2024,AI6242,Vistara,CCU,MAA,278,No,Operational
3/15/2020,AI626,IndiGo,HYD,PNQ,89,No,Air Traffic
1/4/2020,AI7673,IndiGo,HYD,MAA,100,No,Technical
10/7/2021,AI3578,GoAir,MAA,DEL,94,No,Technical
4/27/2020,AI9353,IndiGo,BOM,BLR,158,No,Crew
5/30/2022,AI1667,Air India,PNQ,MAA,220,No,Crew
6/17/2024,AI5234,Air India,PNQ,HYD,,Yes,
5/18/2021,AI7729,SpiceJet,DEL,CCU,2,No,Air Traffic
8/4/2022,AI4699,GoAir,BLR,CCU,261,No,Weather
7/27/2021,AI7848,AirAsia India,CCU,BOM,,Yes,
1/4/2024,AI1066,SpiceJet,BLR,BOM,,Yes,
7/12/2020,AI2302,Air India,DEL,CCU,120,No,Weather
4/26/2022,AI9106,SpiceJet,HYD,HYD,156,No,Technical
12/15/2021,AI9733,GoAir,PNQ,CCU,130,No,Weather
11/16/2023,AI5423,GoAir,CCU,BOM,267,No,Late Arrival
11/15/2022,AI5601,IndiGo,BLR,MAA,26,No,Operational
12/29/2023,AI8851,Vistara,HYD,DEL,264,No,Weather
6/21/2020,AI1921,IndiGo,DEL,BOM,117,No,Weather
8/16/2023,AI1350,GoAir,BLR,HYD,118,No,Crew
7/26/2024,AI5933,Air India,PNQ,MAA,181,No,Late Arrival
11/21/2020,AI5932,AirAsia India,BOM,MAA,277,No,Weather
12/4/2023,AI2638,Air India,HYD,MAA,61,No,Operational
2/15/2023,AI5352,IndiGo,DEL,BLR,290,No,Weather
4/15/2022,AI5526,AirAsia India,BLR,BLR,4,No,Technical
12/15/2024,AI1052,GoAir,PNQ,PNQ,98,No,Late Arrival
12/24/2021,AI6390,Air India,BOM,MAA,160,No,Weather
8/12/2020,AI4883,GoAir,BOM,HYD,157,No,Late Arrival
6/15/2021,AI874,AirAsia India,DEL,CCU,201,No,Weather
4/22/2020,AI5764,AirAsia India,MAA,HYD,8,No,Operational
5/19/2020,AI7975,Air India,PNQ,BLR,140,No,Operational
7/12/2021,AI2783,GoAir,PNQ,BOM,100,No,Late Arrival
1/1/2020,AI7723,SpiceJet,CCU,PNQ,36,No,Air Traffic
3/30/2020,AI8551,GoAir,DEL,BLR,,Yes,
10/15/2021,AI5887,AirAsia India,BOM,CCU,60,No,Crew
11/15/2020,AI2429,GoAir,BOM,DEL,136,No,Crew
4/22/2024,AI5511,IndiGo,DEL,PNQ,212,No,Technical
5/18/2020,AI7028,SpiceJet,MAA,BLR,131,No,Air Traffic
3/14/2024,AI2564,Vistara,CCU,HYD,221,No,Crew
4/24/2022,AI5017,IndiGo,BLR,PNQ,24,No,Late Arrival
9/15/2020,AI6363,Vistara,DEL,HYD,111,No,Crew
8/23/2024,AI8066,Air India,CCU,MAA,122,No,Technical
6/20/2022,AI427,Vistara,PNQ,MAA,238,No,Weather
11/20/2021,AI1845,GoAir,CCU,MAA,182,No,Crew
1/10/2020,AI2994,Vistara,HYD,PNQ,82,No,Late Arrival
9/17/2020,AI2893,AirAsia India,BOM,DEL,265,No,Late Arrival
7/31/2024,AI4231,IndiGo,BLR,CCU,143,No,Technical
6/20/2020,AI4052,IndiGo,DEL,PNQ,100,No,Technical
6/16/2022,AI3027,Vistara,BOM,BOM,203,No,Operational
1/13/2020,AI4388,IndiGo,HYD,HYD,96,No,Operational
4/6/2023,AI5703,AirAsia India,HYD,HYD,248,No,Operational
7/23/2024,AI3444,IndiGo,BOM,PNQ,63,No,Weather
6/7/2024,AI7028,Vistara,MAA,PNQ,257,No,Late Arrival
11/16/2020,AI8791,SpiceJet,CCU,CCU,54,No,Operational
9/4/2023,AI3440,SpiceJet,DEL,DEL,52,No,Late Arrival
6/24/2024,AI6749,Air India,DEL,PNQ,9,No,Technical
11/24/2020,AI5882,IndiGo,DEL,MAA,239,No,Weather
2/23/2022,AI4084,Vistara,BOM,CCU,215,No,Technical
2/15/2022,AI3090,IndiGo,PNQ,BOM,49,No,Late Arrival
6/29/2022,AI8286,GoAir,MAA,MAA,151,No,Air Traffic
4/22/2024,AI1036,AirAsia India,BLR,BOM,247,No,Air Traffic
12/13/2023,AI7558,IndiGo,HYD,BLR,37,No,Operational
6/17/2024,AI4022,IndiGo,BOM,BOM,74,No,Air Traffic
1/23/2023,AI8475,SpiceJet,PNQ,MAA,262,No,Technical
5/23/2024,AI6207,AirAsia India,BLR,BLR,11,No,Air Traffic
11/13/2020,AI391,Vistara,HYD,MAA,29,No,Crew
8/23/2020,AI8612,IndiGo,HYD,HYD,35,No,Weather
11/29/2020,AI6268,SpiceJet,MAA,MAA,112,No,Late Arrival
1/10/2021,AI4540,Air India,CCU,BLR,89,No,Operational
1/22/2024,AI528,AirAsia India,DEL,BOM,215,No,Technical
3/6/2023,AI388,SpiceJet,BLR,HYD,192,No,Weather
8/10/2021,AI9284,SpiceJet,BOM,DEL,47,No,Operational
4/19/2024,AI8989,SpiceJet,BLR,DEL,33,No,Technical
5/27/2021,AI7463,IndiGo,CCU,DEL,230,No,Air Traffic
8/12/2023,AI898,IndiGo,DEL,DEL,34,No,Late Arrival
9/5/2023,AI1987,Air India,BLR,CCU,261,No,Crew
7/6/2022,AI1597,GoAir,CCU,DEL,124,No,Crew
5/14/2024,AI3935,GoAir,BOM,BLR,187,No,Air Traffic
10/4/2023,AI1607,GoAir,MAA,PNQ,207,No,Late Arrival
12/7/2024,AI9388,AirAsia India,PNQ,DEL,132,No,Weather
5/22/2022,AI8583,AirAsia India,HYD,MAA,287,No,Late Arrival
6/6/2023,AI2424,Air India,BOM,PNQ,95,No,Air Traffic
9/26/2020,AI8281,AirAsia India,DEL,DEL,285,No,Technical
3/8/2022,AI9886,GoAir,HYD,PNQ,41,No,Weather
8/7/2023,AI9372,GoAir,PNQ,BOM,206,No,Crew
12/25/2021,AI685,SpiceJet,BOM,BLR,123,No,Air Traffic
4/3/2023,AI5329,AirAsia India,BOM,BLR,223,No,Technical
1/5/2020,AI5258,IndiGo,BOM,PNQ,131,No,Air Traffic
4/30/2022,AI6665,IndiGo,BOM,HYD,59,No,Operational
11/3/2023,AI6931,SpiceJet,HYD,CCU,280,No,Operational
3/18/2020,AI2049,SpiceJet,DEL,MAA,173,No,Operational
12/4/2023,AI8967,SpiceJet,PNQ,PNQ,26,No,Crew
7/27/2021,AI6829,IndiGo,CCU,BLR,207,No,Late Arrival
5/11/2020,AI8830,GoAir,BLR,BOM,24,No,Weather
8/23/2021,AI5005,SpiceJet,MAA,DEL,57,No,Crew
11/7/2024,AI4048,Air India,PNQ,BLR,86,No,Technical
12/1/2022,AI2712,SpiceJet,BLR,BOM,118,No,Technical
3/29/2020,AI8199,Vistara,BLR,DEL,195,No,Operational
2/5/2021,AI3363,SpiceJet,MAA,CCU,229,No,Weather
10/22/2020,AI4446,IndiGo,PNQ,BLR,153,No,Operational
8/11/2023,AI8575,AirAsia India,HYD,BLR,63,No,Technical
9/7/2021,AI3389,SpiceJet,DEL,PNQ,231,No,Technical
3/29/2024,AI472,AirAsia India,MAA,PNQ,139,No,Late Arrival
3/10/2022,AI6141,Vistara,DEL,BOM,36,No,Late Arrival
9/10/2024,AI2739,Air India,HYD,HYD,133,No,Late Arrival
7/18/2024,AI9103,AirAsia India,BLR,PNQ,231,No,Operational
2/25/2021,AI4989,GoAir,DEL,MAA,93,No,Air Traffic
11/12/2022,AI1100,SpiceJet,HYD,CCU,24,No,Weather
7/28/2021,AI5683,Vistara,HYD,MAA,281,No,Late Arrival
5/22/2020,AI4849,Vistara,CCU,BLR,189,No,Crew
9/19/2022,AI4679,AirAsia India,MAA,MAA,169,No,Late Arrival
10/26/2021,AI7756,Air India,CCU,DEL,195,No,Operational
5/24/2020,AI8236,IndiGo,BLR,CCU,234,No,Weather
6/2/2023,AI4376,SpiceJet,MAA,MAA,39,No,Late Arrival
10/3/2022,AI5471,Vistara,BLR,DEL,22,No,Weather
5/17/2021,AI2666,Air India,CCU,BOM,274,No,Crew
3/31/2022,AI1938,GoAir,PNQ,MAA,238,No,Technical
6/27/2024,AI973,Vistara,HYD,CCU,297,No,Weather
4/13/2020,AI2420,Air India,BLR,DEL,6,No,Air Traffic
11/28/2022,AI2713,IndiGo,MAA,MAA,86,No,Late Arrival
7/16/2020,AI7134,IndiGo,MAA,BOM,190,No,Operational
7/27/2024,AI4485,Vistara,BLR,MAA,291,No,Air Traffic
8/1/2021,AI7938,Vistara,MAA,DEL,140,No,Air Traffic
1/25/2021,AI2712,AirAsia India,HYD,MAA,87,No,Operational
4/17/2023,AI5049,SpiceJet,PNQ,CCU,,Yes,
7/7/2021,AI5477,Air India,HYD,BLR,280,No,Operational
1/11/2024,AI6709,Vistara,MAA,DEL,219,No,Operational
3/3/2024,AI5232,SpiceJet,BLR,DEL,247,No,Air Traffic
11/4/2022,AI1791,AirAsia India,CCU,DEL,286,No,Weather
7/4/2024,AI5663,SpiceJet,MAA,DEL,12,No,Operational
8/19/2024,AI8106,Vistara,MAA,MAA,225,No,Technical
8/5/2023,AI7115,IndiGo,MAA,CCU,117,No,Air Traffic
4/22/2021,AI4766,Air India,MAA,BOM,230,No,Air Traffic
6/8/2023,AI1052,Air India,BLR,CCU,157,No,Air Traffic
7/11/2022,AI7232,IndiGo,CCU,DEL,137,No,Crew
2/23/2021,AI4085,Vistara,CCU,HYD,277,No,Weather
6/5/2020,AI1082,Air India,DEL,MAA,215,No,Weather
7/3/2021,AI5528,Vistara,MAA,HYD,296,No,Operational
1/4/2024,AI5660,AirAsia India,MAA,MAA,141,No,Air Traffic
1/25/2023,AI9837,Vistara,DEL,DEL,201,No,Air Traffic
10/17/2022,AI6600,SpiceJet,CCU,MAA,251,No,Operational
9/23/2022,AI1756,IndiGo,BOM,DEL,235,No,Weather
12/5/2023,AI4040,Vistara,HYD,CCU,,Yes,
8/8/2022,AI8361,AirAsia India,BOM,PNQ,21,No,Operational
10/15/2020,AI2901,GoAir,CCU,BLR,53,No,Operational
7/1/2023,AI5467,IndiGo,PNQ,MAA,36,No,Operational
7/14/2020,AI2721,Air India,MAA,DEL,98,No,Operational
8/20/2021,AI4869,SpiceJet,BOM,HYD,298,No,Operational
3/25/2024,AI7447,Air India,BLR,DEL,42,No,Late Arrival
5/31/2021,AI6479,AirAsia India,BLR,HYD,59,No,Late Arrival
7/16/2024,AI4323,AirAsia India,DEL,MAA,68,No,Air Traffic
5/14/2022,AI1166,Air India,CCU,BOM,161,No,Air Traffic
2/15/2023,AI3048,IndiGo,CCU,HYD,242,No,Late Arrival
3/16/2022,AI2349,Air India,BOM,DEL,192,No,Weather
3/28/2023,AI7441,Vistara,MAA,MAA,282,No,Crew
3/25/2022,AI8888,Air India,CCU,DEL,201,No,Weather
8/15/2020,AI3161,SpiceJet,BOM,BOM,199,No,Air Traffic
8/3/2020,AI421,SpiceJet,BOM,BLR,,Yes,
8/5/2022,AI8577,GoAir,HYD,PNQ,188,No,Late Arrival
9/15/2024,AI2309,SpiceJet,HYD,PNQ,1,No,Weather
1/15/2020,AI305,Air India,CCU,BOM,,Yes,
3/26/2023,AI1784,SpiceJet,BOM,CCU,147,No,Crew
7/29/2024,AI3210,IndiGo,DEL,MAA,133,No,Operational
7/8/2023,AI8653,SpiceJet,DEL,BOM,72,No,Technical
3/26/2023,AI3982,Vistara,HYD,BLR,243,No,Late Arrival
2/16/2020,AI1707,IndiGo,CCU,DEL,239,No,Late Arrival
11/19/2020,AI6333,GoAir,MAA,MAA,45,No,Crew
4/23/2022,AI9431,Vistara,PNQ,HYD,36,No,Operational
9/4/2024,AI493,Air India,DEL,BOM,27,No,Operational
5/9/2020,AI6588,Air India,DEL,BLR,53,No,Technical
12/5/2023,AI4132,Air India,HYD,BOM,145,No,Operational
4/4/2020,AI2343,Vistara,HYD,CCU,13,No,Crew
9/18/2021,AI6727,Vistara,CCU,PNQ,74,No,Air Traffic
1/24/2022,AI309,Vistara,HYD,PNQ,264,No,Operational
8/8/2023,AI1373,IndiGo,BLR,MAA,44,No,Air Traffic
3/4/2022,AI3006,AirAsia India,PNQ,DEL,133,No,Air Traffic
7/30/2023,AI1071,IndiGo,BOM,BLR,114,No,Crew
3/9/2020,AI8031,Air India,DEL,BOM,148,No,Late Arrival
8/10/2024,AI9132,AirAsia India,BLR,MAA,209,No,Late Arrival
1/11/2020,AI5710,SpiceJet,MAA,BOM,143,No,Late Arrival
7/1/2023,AI3264,Air India,BLR,MAA,231,No,Weather
5/21/2022,AI1372,GoAir,CCU,PNQ,186,No,Late Arrival
7/3/2021,AI6680,IndiGo,MAA,CCU,73,No,Crew
3/3/2023,AI8262,Vistara,MAA,BOM,147,No,Technical
12/12/2021,AI7204,IndiGo,HYD,CCU,137,No,Operational
1/23/2020,AI6179,Vistara,BLR,HYD,57,No,Late Arrival
3/25/2022,AI2798,AirAsia India,CCU,HYD,269,No,Weather
12/11/2020,AI9195,GoAir,DEL,PNQ,,Yes,
10/28/2020,AI8716,AirAsia India,PNQ,BLR,94,No,Air Traffic
12/28/2020,AI4434,GoAir,HYD,CCU,88,No,Weather
1/30/2021,AI9065,IndiGo,BLR,MAA,270,No,Crew
8/5/2020,AI4244,Vistara,DEL,BLR,154,No,Technical
5/20/2020,AI8764,AirAsia India,BLR,BOM,259,No,Late Arrival
6/27/2024,AI4464,GoAir,HYD,BOM,299,No,Late Arrival
8/15/2022,AI1998,Air India,DEL,MAA,114,No,Weather
5/18/2023,AI6330,Air India,HYD,DEL,63,No,Crew
9/11/2022,AI5432,AirAsia India,BLR,DEL,144,No,Weather
9/19/2022,AI6431,Vistara,MAA,BOM,121,No,Weather
7/4/2024,AI5959,AirAsia India,PNQ,PNQ,108,No,Technical
6/27/2024,AI1503,IndiGo,BOM,PNQ,149,No,Crew
4/7/2022,AI5317,GoAir,PNQ,MAA,206,No,Technical
11/13/2021,AI8535,IndiGo,MAA,DEL,108,No,Crew
1/23/2024,AI9636,Air India,HYD,CCU,151,No,Late Arrival
9/30/2022,AI3026,GoAir,PNQ,BOM,268,No,Operational
12/21/2020,AI9128,AirAsia India,HYD,HYD,220,No,Air Traffic
10/4/2022,AI1595,IndiGo,HYD,CCU,284,No,Operational
9/9/2023,AI8317,SpiceJet,DEL,MAA,121,No,Crew
3/2/2023,AI950,Vistara,CCU,HYD,98,No,Operational
6/6/2022,AI2825,Vistara,HYD,CCU,184,No,Weather
5/6/2020,AI6034,SpiceJet,PNQ,DEL,,Yes,
2/3/2023,AI6169,Air India,PNQ,PNQ,285,No,Late Arrival
10/5/2022,AI8846,GoAir,PNQ,DEL,24,No,Air Traffic
8/26/2021,AI2831,Vistara,MAA,HYD,92,No,Air Traffic
12/27/2024,AI7188,SpiceJet,BOM,BLR,278,No,Air Traffic
11/2/2023,AI3876,AirAsia India,HYD,PNQ,246,No,Late Arrival
10/10/2022,AI1602,SpiceJet,HYD,BOM,110,No,Operational
2/20/2020,AI5042,Air India,HYD,HYD,221,No,Air Traffic
11/18/2022,AI6671,Air India,DEL,MAA,205,No,Air Traffic
1/25/2024,AI8090,IndiGo,HYD,BOM,234,No,Crew
8/12/2023,AI3582,Vistara,MAA,CCU,113,No,Weather
8/13/2023,AI1972,IndiGo,BLR,PNQ,234,No,Crew
10/15/2024,AI7511,SpiceJet,CCU,MAA,252,No,Operational
2/17/2022,AI5422,GoAir,PNQ,MAA,221,No,Late Arrival
12/1/2023,AI5749,GoAir,HYD,DEL,246,No,Late Arrival
11/27/2024,AI4760,Air India,DEL,CCU,223,No,Crew
3/24/2022,AI2174,GoAir,MAA,DEL,67,No,Technical
6/24/2024,AI9592,GoAir,HYD,DEL,96,No,Crew
11/29/2023,AI1785,GoAir,DEL,PNQ,177,No,Technical
10/1/2023,AI1379,SpiceJet,BLR,BLR,129,No,Crew
7/3/2024,AI9303,GoAir,BOM,DEL,95,No,Technical
2/23/2021,AI3247,AirAsia India,HYD,BOM,44,No,Technical
4/20/2023,AI5748,GoAir,MAA,MAA,86,No,Air Traffic
9/9/2022,AI6090,GoAir,DEL,PNQ,36,No,Air Traffic
4/4/2022,AI8907,IndiGo,DEL,DEL,,Yes,
10/21/2022,AI8874,SpiceJet,HYD,HYD,252,No,Technical
7/20/2021,AI4434,Air India,DEL,BOM,76,No,Technical
1/5/2021,AI8833,IndiGo,BOM,CCU,284,No,Weather
7/24/2022,AI2713,Vistara,DEL,MAA,15,No,Technical
10/22/2021,AI4460,SpiceJet,PNQ,PNQ,119,No,Air Traffic
12/25/2023,AI1730,AirAsia India,CCU,HYD,62,No,Technical
8/26/2022,AI5606,SpiceJet,PNQ,PNQ,69,No,Late Arrival
8/25/2023,AI6766,Vistara,CCU,PNQ,156,No,Weather
3/6/2023,AI6331,Vistara,DEL,HYD,239,No,Technical
7/20/2020,AI6212,Vistara,HYD,CCU,35,No,Air Traffic
12/30/2023,AI7646,Air India,CCU,HYD,127,No,Air Traffic
11/8/2020,AI2162,GoAir,MAA,BOM,73,No,Operational
4/26/2020,AI5203,SpiceJet,CCU,PNQ,247,No,Air Traffic
8/16/2024,AI6561,GoAir,PNQ,CCU,5,No,Weather
7/25/2022,AI4440,GoAir,DEL,PNQ,99,No,Air Traffic
12/31/2024,AI2062,AirAsia India,HYD,HYD,232,No,Late Arrival
7/28/2021,AI202,Vistara,BLR,CCU,79,No,Crew
8/31/2020,AI8509,Air India,HYD,CCU,283,No,Late Arrival
6/20/2021,AI2120,AirAsia India,HYD,DEL,110,No,Late Arrival
6/13/2024,AI1562,IndiGo,HYD,DEL,272,No,Weather
3/15/2020,AI6940,Air India,MAA,DEL,29,No,Weather
1/20/2021,AI552,GoAir,BOM,HYD,49,No,Operational
5/18/2023,AI5111,Air India,PNQ,MAA,128,No,Air Traffic
4/19/2021,AI8476,Vistara,DEL,BOM,233,No,Operational
2/21/2021,AI953,IndiGo,BOM,HYD,203,No,Weather
12/12/2020,AI641,Vistara,BLR,PNQ,141,No,Air Traffic
4/1/2024,AI5834,IndiGo,BOM,DEL,91,No,Weather
10/1/2021,AI8759,AirAsia India,DEL,CCU,161,No,Weather
7/27/2022,AI7573,GoAir,PNQ,HYD,293,No,Crew
8/12/2022,AI9169,IndiGo,PNQ,CCU,271,No,Late Arrival
5/25/2022,AI9738,IndiGo,DEL,PNQ,,Yes,
2/1/2022,AI6544,IndiGo,BLR,CCU,40,No,Operational
4/17/2023,AI7044,Air India,DEL,CCU,262,No,Operational
4/20/2023,AI1852,AirAsia India,BLR,BLR,90,No,Technical
10/25/2021,AI134,Air India,BLR,MAA,,Yes,
1/25/2020,AI7035,GoAir,DEL,BOM,135,No,Crew
4/18/2023,AI9638,IndiGo,CCU,BOM,247,No,Weather
12/10/2021,AI5905,AirAsia India,PNQ,DEL,205,No,Weather
3/4/2024,AI8420,AirAsia India,BLR,BLR,282,No,Crew
3/30/2023,AI9528,SpiceJet,DEL,HYD,193,No,Air Traffic
6/25/2020,AI4260,GoAir,CCU,HYD,269,No,Operational
10/11/2020,AI5047,AirAsia India,PNQ,BOM,251,No,Weather
3/3/2020,AI9124,IndiGo,BLR,MAA,194,No,Technical
9/29/2022,AI3445,IndiGo,PNQ,CCU,215,No,Operational
10/23/2021,AI1518,AirAsia India,CCU,PNQ,135,No,Late Arrival
10/27/2021,AI6722,Air India,PNQ,DEL,140,No,Crew
6/4/2020,AI6734,GoAir,MAA,MAA,4,No,Operational
2/1/2024,AI897,IndiGo,HYD,BOM,249,No,Late Arrival
12/8/2022,AI1658,AirAsia India,MAA,BLR,1,No,Technical
8/24/2022,AI8626,IndiGo,CCU,DEL,151,No,Air Traffic
4/28/2022,AI2936,AirAsia India,BLR,BOM,131,No,Crew
1/12/2023,AI7272,GoAir,DEL,HYD,47,No,Air Traffic
10/16/2023,AI3061,AirAsia India,BOM,DEL,197,No,Weather
11/19/2021,AI5192,SpiceJet,DEL,BOM,163,No,Air Traffic
5/27/2020,AI1834,AirAsia India,PNQ,HYD,119,No,Weather
7/11/2024,AI7843,AirAsia India,BOM,PNQ,74,No,Late Arrival
12/7/2020,AI4296,GoAir,BOM,HYD,166,No,Operational
4/20/2021,AI3492,AirAsia India,PNQ,CCU,138,No,Technical
12/22/2022,AI308,GoAir,PNQ,BLR,43,No,Late Arrival
9/20/2024,AI3110,SpiceJet,BLR,CCU,83,No,Technical
10/15/2023,AI1794,GoAir,CCU,BOM,54,No,Air Traffic
7/14/2021,AI1964,IndiGo,DEL,PNQ,227,No,Technical
11/22/2020,AI3386,GoAir,CCU,MAA,195,No,Air Traffic
11/27/2024,AI3259,SpiceJet,MAA,PNQ,245,No,Technical
10/25/2024,AI140,Vistara,BLR,PNQ,219,No,Crew
3/10/2023,AI3952,AirAsia India,BLR,PNQ,160,No,Late Arrival
9/16/2022,AI2833,GoAir,MAA,CCU,173,No,Crew
8/2/2020,AI8707,AirAsia India,DEL,MAA,217,No,Operational
3/10/2021,AI1166,Air India,HYD,HYD,128,No,Operational
8/9/2022,AI8957,IndiGo,MAA,BOM,79,No,Weather
12/23/2021,AI2968,IndiGo,DEL,BLR,140,No,Weather
9/3/2023,AI4527,Air India,BOM,MAA,236,No,Weather
2/1/2020,AI7314,Air India,PNQ,BOM,220,No,Operational
10/31/2021,AI2110,GoAir,BLR,MAA,280,No,Technical
10/11/2020,AI3300,Air India,DEL,CCU,207,No,Air Traffic
8/21/2023,AI5124,Vistara,CCU,BOM,109,No,Technical
3/4/2021,AI8857,AirAsia India,PNQ,CCU,108,No,Late Arrival
2/9/2024,AI176,AirAsia India,CCU,DEL,217,No,Operational
10/12/2020,AI5391,SpiceJet,PNQ,BOM,161,No,Air Traffic
3/13/2023,AI9072,Air India,BLR,MAA,178,No,Air Traffic
12/18/2023,AI9843,Air India,MAA,DEL,56,No,Air Traffic
11/8/2022,AI184,Vistara,HYD,CCU,31,No,Weather
1/18/2020,AI6011,IndiGo,MAA,CCU,152,No,Air Traffic
2/7/2022,AI6407,IndiGo,DEL,MAA,185,No,Air Traffic
8/12/2021,AI8040,AirAsia India,MAA,DEL,209,No,Operational
10/26/2023,AI4908,AirAsia India,BLR,PNQ,62,No,Technical
4/13/2023,AI1286,GoAir,DEL,HYD,236,No,Technical
10/6/2022,AI4054,Vistara,BOM,BLR,102,No,Crew
7/12/2020,AI157,SpiceJet,MAA,MAA,99,No,Crew
5/16/2021,AI4419,SpiceJet,MAA,CCU,167,No,Late Arrival
9/14/2022,AI5502,Vistara,HYD,BOM,289,No,Operational
2/10/2023,AI749,SpiceJet,DEL,DEL,198,No,Crew
4/23/2020,AI9561,IndiGo,CCU,HYD,88,No,Crew
5/30/2023,AI3820,SpiceJet,MAA,BLR,45,No,Operational
8/28/2024,AI9833,SpiceJet,BLR,BOM,280,No,Technical
8/4/2022,AI3504,Vistara,MAA,DEL,25,No,Late Arrival
4/10/2022,AI861,Vistara,HYD,HYD,86,No,Late Arrival
7/25/2024,AI6451,SpiceJet,BOM,MAA,245,No,Late Arrival
7/11/2023,AI3869,Air India,HYD,HYD,274,No,Crew
7/13/2022,AI5089,Vistara,MAA,MAA,122,No,Technical
2/24/2020,AI8031,GoAir,CCU,PNQ,227,No,Late Arrival
7/24/2024,AI8653,GoAir,PNQ,DEL,110,No,Operational
3/10/2022,AI9510,IndiGo,MAA,HYD,283,No,Late Arrival
2/16/2022,AI4592,SpiceJet,DEL,BLR,109,No,Weather
1/21/2024,AI1073,Air India,MAA,HYD,276,No,Technical
6/10/2020,AI1100,IndiGo,CCU,DEL,279,No,Weather
11/4/2023,AI9236,SpiceJet,DEL,BOM,27,No,Technical
3/27/2020,AI3119,Vistara,BLR,BOM,111,No,Air Traffic
2/24/2020,AI7429,GoAir,DEL,HYD,101,No,Operational
2/8/2024,AI4472,AirAsia India,HYD,HYD,183,No,Air Traffic
12/28/2024,AI905,Air India,BOM,MAA,,Yes,
4/16/2023,AI7671,AirAsia India,HYD,DEL,127,No,Crew
11/15/2023,AI6186,GoAir,PNQ,MAA,27,No,Crew
10/4/2023,AI6103,AirAsia India,DEL,BLR,206,No,Air Traffic
10/28/2022,AI9331,Vistara,BLR,PNQ,216,No,Technical
4/12/2022,AI2489,SpiceJet,MAA,BOM,174,No,Late Arrival
11/8/2020,AI3039,Vistara,DEL,CCU,86,No,Weather
1/28/2022,AI2096,AirAsia India,HYD,CCU,,Yes,
3/18/2021,AI4918,Vistara,DEL,DEL,20,No,Operational
11/25/2024,AI2191,GoAir,DEL,DEL,160,No,Late Arrival
11/23/2020,AI9426,Air India,DEL,CCU,273,No,Crew
12/13/2022,AI847,Vistara,BLR,DEL,196,No,Late Arrival
1/30/2022,AI7903,GoAir,CCU,BOM,77,No,Air Traffic
6/16/2023,AI3578,Air India,CCU,BLR,267,No,Air Traffic
6/6/2023,AI8889,SpiceJet,DEL,BLR,7,No,Weather
8/1/2021,AI6941,AirAsia India,BLR,MAA,227,No,Crew
12/10/2022,AI6004,SpiceJet,BLR,BOM,177,No,Technical
6/20/2024,AI5183,IndiGo,PNQ,PNQ,,Yes,
6/15/2024,AI6481,GoAir,DEL,DEL,3,No,Operational
10/3/2022,AI1519,Air India,HYD,DEL,247,No,Air Traffic
7/11/2023,AI8389,Vistara,HYD,PNQ,197,No,Operational
12/12/2023,AI692,SpiceJet,BOM,MAA,129,No,Crew
12/31/2024,AI3104,Air India,DEL,MAA,187,No,Technical
4/5/2020,AI530,GoAir,BOM,DEL,72,No,Air Traffic
1/16/2023,AI156,IndiGo,HYD,DEL,291,No,Weather
1/6/2023,AI4221,SpiceJet,HYD,PNQ,205,No,Operational
8/4/2023,AI431,AirAsia India,DEL,BOM,197,No,Crew
2/17/2023,AI983,Air India,BOM,PNQ,75,No,Operational
3/24/2022,AI3024,AirAsia India,BOM,MAA,284,No,Technical
5/5/2021,AI1481,Air India,DEL,PNQ,267,No,Weather
3/27/2021,AI709,Air India,PNQ,PNQ,255,No,Technical
3/3/2024,AI8725,GoAir,BOM,PNQ,128,No,Air Traffic
6/13/2020,AI9745,GoAir,PNQ,BOM,268,No,Late Arrival
6/30/2020,AI2456,GoAir,MAA,HYD,41,No,Technical
4/13/2021,AI2606,Vistara,HYD,DEL,173,No,Technical
6/28/2022,AI3065,Air India,CCU,CCU,247,No,Operational
1/4/2022,AI9606,SpiceJet,PNQ,PNQ,18,No,Technical
4/2/2022,AI8621,AirAsia India,PNQ,CCU,,Yes,
8/1/2022,AI9514,GoAir,PNQ,HYD,8,No,Crew
1/7/2020,AI323,GoAir,BLR,DEL,114,No,Air Traffic
11/25/2020,AI2921,AirAsia India,BOM,MAA,165,No,Operational
2/13/2022,AI6148,AirAsia India,BOM,CCU,167,No,Operational
8/23/2024,AI3702,Air India,BLR,MAA,275,No,Late Arrival
5/30/2020,AI3105,GoAir,BOM,CCU,254,No,Air Traffic
1/13/2023,AI4257,AirAsia India,BLR,MAA,89,No,Crew
5/26/2020,AI1161,Vistara,PNQ,PNQ,272,No,Air Traffic
7/5/2024,AI5334,Vistara,DEL,CCU,228,No,Technical
11/5/2023,AI8394,GoAir,MAA,MAA,236,No,Late Arrival
7/3/2022,AI5992,AirAsia India,PNQ,HYD,107,No,Crew
4/20/2024,AI8226,Air India,MAA,BOM,120,No,Late Arrival
8/1/2023,AI3362,Air India,HYD,MAA,30,No,Air Traffic
11/30/2021,AI2255,Air India,PNQ,BOM,,Yes,
3/22/2020,AI7130,IndiGo,CCU,BOM,195,No,Weather
5/28/2021,AI4167,GoAir,BOM,DEL,107,No,Air Traffic
3/25/2022,AI6544,Air India,CCU,PNQ,85,No,Technical
12/9/2021,AI5941,Vistara,DEL,HYD,219,No,Late Arrival
3/26/2024,AI2053,AirAsia India,MAA,BOM,220,No,Weather
1/15/2022,AI5236,SpiceJet,PNQ,BLR,154,No,Technical
10/19/2022,AI5025,SpiceJet,DEL,PNQ,106,No,Late Arrival
11/10/2023,AI4019,Air India,DEL,BOM,,Yes,
12/7/2021,AI7323,SpiceJet,BOM,MAA,210,No,Late Arrival
4/15/2021,AI6477,SpiceJet,DEL,BOM,294,No,Air Traffic
2/16/2023,AI739,IndiGo,PNQ,MAA,145,No,Late Arrival
1/30/2021,AI8552,Vistara,PNQ,MAA,57,No,Late Arrival
4/4/2024,AI8118,Vistara,MAA,BLR,158,No,Operational
9/17/2020,AI5182,IndiGo,PNQ,BOM,102,No,Late Arrival
3/15/2022,AI3822,IndiGo,CCU,BOM,107,No,Air Traffic
7/22/2022,AI5107,SpiceJet,MAA,CCU,123,No,Operational
7/3/2023,AI2035,GoAir,BOM,PNQ,247,No,Operational
10/23/2024,AI3889,AirAsia India,MAA,CCU,289,No,Weather
6/23/2022,AI7083,AirAsia India,BLR,DEL,91,No,Technical
6/3/2023,AI6060,SpiceJet,CCU,MAA,136,No,Operational
12/12/2022,AI7337,AirAsia India,BLR,BLR,107,No,Crew
7/28/2022,AI9249,IndiGo,BLR,CCU,48,No,Operational
3/3/2024,AI6491,Vistara,HYD,BOM,203,No,Crew
3/9/2024,AI767,AirAsia India,PNQ,DEL,57,No,Weather
5/3/2022,AI745,SpiceJet,BOM,BLR,,Yes,
10/19/2023,AI250,GoAir,DEL,HYD,129,No,Crew
7/27/2023,AI3406,SpiceJet,BLR,BOM,276,No,Weather
8/15/2021,AI2492,Air India,MAA,BOM,134,No,Weather
12/14/2021,AI3861,SpiceJet,DEL,HYD,176,No,Weather
3/27/2023,AI8752,IndiGo,MAA,MAA,233,No,Crew
9/23/2021,AI6314,Vistara,MAA,MAA,33,No,Crew
2/28/2020,AI1098,Vistara,DEL,CCU,172,No,Weather
10/16/2024,AI1082,AirAsia India,DEL,CCU,251,No,Weather
5/7/2020,AI8235,IndiGo,PNQ,BOM,125,No,Technical
1/5/2022,AI9221,Air India,MAA,PNQ,203,No,Weather
12/21/2021,AI3298,IndiGo,BOM,BOM,13,No,Late Arrival
2/12/2023,AI7579,SpiceJet,PNQ,CCU,122,No,Technical
5/17/2023,AI8402,IndiGo,CCU,HYD,167,No,Technical
6/9/2021,AI7030,IndiGo,HYD,CCU,110,No,Technical
6/4/2021,AI3752,Air India,CCU,BOM,263,No,Late Arrival
7/5/2021,AI4748,SpiceJet,BOM,BLR,72,No,Technical
8/24/2020,AI5208,GoAir,PNQ,BOM,3,No,Technical
7/28/2023,AI8593,GoAir,HYD,BLR,138,No,Crew
10/14/2023,AI9274,Vistara,PNQ,BLR,246,No,Air Traffic
5/9/2023,AI4196,AirAsia India,DEL,BOM,,Yes,
11/16/2024,AI5937,IndiGo,HYD,PNQ,140,No,Crew
7/25/2023,AI765,Vistara,MAA,PNQ,184,No,Weather
6/12/2023,AI627,Air India,CCU,DEL,281,No,Weather
5/8/2021,AI9578,GoAir,HYD,CCU,65,No,Operational
1/4/2020,AI2337,IndiGo,MAA,PNQ,45,No,Air Traffic
10/27/2021,AI377,Air India,PNQ,MAA,23,No,Late Arrival
3/17/2021,AI3254,AirAsia India,BOM,BOM,224,No,Crew
1/29/2020,AI9937,Air India,HYD,BLR,110,No,Weather
2/6/2023,AI5402,IndiGo,MAA,BOM,91,No,Late Arrival
9/1/2021,AI9743,AirAsia India,PNQ,CCU,281,No,Technical
10/16/2024,AI9022,Air India,PNQ,HYD,287,No,Late Arrival
3/15/2022,AI6219,AirAsia India,PNQ,PNQ,26,No,Crew
3/15/2020,AI3398,IndiGo,BOM,PNQ,199,No,Air Traffic
4/17/2022,AI2302,IndiGo,DEL,PNQ,67,No,Operational
3/15/2023,AI1264,AirAsia India,BOM,BLR,66,No,Crew
5/7/2020,AI4757,SpiceJet,BOM,MAA,53,No,Air Traffic
2/11/2020,AI8614,Vistara,CCU,MAA,290,No,Weather
10/11/2023,AI1503,Air India,PNQ,PNQ,77,No,Weather
2/10/2020,AI771,Air India,MAA,MAA,,Yes,
7/22/2022,AI7471,SpiceJet,HYD,HYD,63,No,Late Arrival
2/3/2020,AI6649,SpiceJet,CCU,PNQ,225,No,Crew
11/6/2022,AI4672,SpiceJet,PNQ,DEL,235,No,Weather
8/27/2024,AI8140,GoAir,BLR,BLR,52,No,Technical
3/22/2023,AI5576,GoAir,BOM,HYD,103,No,Technical
9/24/2022,AI1266,AirAsia India,BLR,BLR,101,No,Operational
11/2/2023,AI9509,GoAir,PNQ,PNQ,167,No,Late Arrival
8/10/2021,AI5510,IndiGo,CCU,HYD,178,No,Weather
6/10/2024,AI6525,AirAsia India,MAA,PNQ,246,No,Operational
7/10/2024,AI8002,Air India,CCU,HYD,0,No,
12/7/2020,AI6701,Vistara,MAA,PNQ,180,No,Technical
1/27/2020,AI7720,IndiGo,MAA,DEL,105,No,Operational
8/3/2023,AI5999,Air India,PNQ,BLR,216,No,Operational
10/7/2021,AI4929,Air India,DEL,HYD,113,No,Weather
12/31/2021,AI2002,AirAsia India,PNQ,DEL,139,No,Weather
6/16/2020,AI2821,SpiceJet,BOM,BOM,157,No,Weather
9/1/2021,AI3752,SpiceJet,CCU,PNQ,149,No,Late Arrival
9/24/2020,AI1333,IndiGo,MAA,CCU,281,No,Operational
11/7/2024,AI2268,SpiceJet,PNQ,HYD,248,No,Operational
3/31/2022,AI3525,Air India,PNQ,MAA,59,No,Late Arrival
3/30/2021,AI8549,SpiceJet,CCU,DEL,294,No,Technical
6/24/2022,AI237,GoAir,CCU,DEL,221,No,Crew
9/4/2024,AI8026,SpiceJet,MAA,HYD,78,No,Technical
11/25/2023,AI3824,Air India,HYD,DEL,199,No,Late Arrival
7/10/2022,AI5087,AirAsia India,BLR,BOM,9,No,Operational
9/7/2022,AI6394,IndiGo,BOM,DEL,156,No,Operational
2/8/2024,AI6178,Vistara,BOM,CCU,230,No,Weather
12/2/2021,AI8674,SpiceJet,HYD,CCU,148,No,Weather
9/25/2021,AI6786,Air India,DEL,PNQ,182,No,Operational
4/30/2024,AI7579,Vistara,HYD,PNQ,,Yes,
5/18/2024,AI6219,Vistara,DEL,MAA,179,No,Operational
5/9/2020,AI7135,GoAir,DEL,BOM,37,No,Air Traffic
10/16/2022,AI3555,Vistara,HYD,CCU,286,No,Weather
10/18/2023,AI5622,AirAsia India,BOM,HYD,268,No,Weather
9/24/2024,AI6300,Air India,BLR,BLR,297,No,Technical
3/29/2022,AI4000,Air India,BOM,BLR,246,No,Operational
11/23/2021,AI3334,SpiceJet,PNQ,BLR,75,No,Operational
8/8/2023,AI531,SpiceJet,BOM,PNQ,132,No,Late Arrival
10/26/2023,AI3102,SpiceJet,BOM,HYD,122,No,Technical
3/4/2022,AI5160,AirAsia India,HYD,DEL,93,No,Crew
1/29/2020,AI1192,Vistara,HYD,HYD,142,No,Crew
5/28/2020,AI4476,Vistara,PNQ,DEL,149,No,Crew
12/7/2024,AI9297,GoAir,PNQ,BLR,128,No,Air Traffic
8/12/2023,AI7223,AirAsia India,HYD,MAA,204,No,Weather
1/11/2020,AI1347,SpiceJet,BOM,MAA,153,No,Crew
3/15/2024,AI619,IndiGo,BLR,DEL,172,No,Late Arrival
11/6/2021,AI6438,GoAir,DEL,BLR,219,No,Weather
2/10/2023,AI3434,IndiGo,CCU,HYD,211,No,Weather
7/5/2020,AI683,Vistara,DEL,MAA,18,No,Crew
3/17/2022,AI7325,GoAir,PNQ,DEL,113,No,Weather
1/13/2022,AI3407,GoAir,PNQ,HYD,56,No,Technical
6/4/2023,AI892,Air India,DEL,BLR,140,No,Technical
8/26/2023,AI7003,Vistara,CCU,BOM,285,No,Crew
4/7/2020,AI862,Vistara,BOM,BLR,51,No,Late Arrival
2/24/2020,AI2646,AirAsia India,BLR,PNQ,272,No,Weather
9/14/2021,AI7448,GoAir,BLR,BLR,248,No,Operational
10/25/2021,AI7009,Vistara,DEL,HYD,177,No,Crew
1/27/2022,AI9326,GoAir,CCU,HYD,284,No,Air Traffic
2/9/2021,AI3169,AirAsia India,PNQ,CCU,116,No,Weather
3/9/2020,AI2513,AirAsia India,MAA,CCU,50,No,Crew
8/28/2023,AI9198,Air India,BOM,HYD,79,No,Crew
8/5/2023,AI530,GoAir,DEL,HYD,284,No,Late Arrival
11/20/2024,AI783,Vistara,BLR,BOM,8,No,Operational
4/20/2024,AI4221,Vistara,PNQ,BOM,91,No,Weather
1/20/2022,AI5541,GoAir,HYD,BLR,279,No,Crew
3/17/2023,AI7329,GoAir,HYD,PNQ,286,No,Crew
1/30/2024,AI4832,GoAir,CCU,MAA,49,No,Weather
10/28/2024,AI5134,SpiceJet,CCU,PNQ,39,No,Crew
6/21/2023,AI1819,Vistara,DEL,BOM,,Yes,
2/23/2024,AI797,AirAsia India,MAA,BLR,98,No,Crew
8/15/2022,AI3799,Vistara,BLR,PNQ,276,No,Crew
3/10/2024,AI2911,SpiceJet,DEL,DEL,208,No,Technical
12/30/2020,AI4889,GoAir,MAA,CCU,,Yes,
4/26/2021,AI3678,Air India,PNQ,PNQ,223,No,Technical
7/19/2020,AI9120,GoAir,CCU,MAA,234,No,Operational
6/2/2020,AI8043,GoAir,HYD,BLR,6,No,Late Arrival
1/13/2024,AI1308,SpiceJet,BOM,PNQ,215,No,Weather
3/4/2024,AI6982,Vistara,PNQ,HYD,227,No,Late Arrival
3/13/2020,AI3162,GoAir,HYD,DEL,15,No,Late Arrival
12/13/2021,AI4569,Vistara,BLR,CCU,56,No,Technical
10/22/2020,AI905,IndiGo,BLR,DEL,284,No,Operational
11/6/2022,AI1540,AirAsia India,HYD,BLR,125,No,Late Arrival
7/22/2024,AI4809,Vistara,PNQ,BOM,202,No,Late Arrival
5/25/2023,AI8927,Air India,HYD,CCU,158,No,Crew
3/1/2020,AI5702,AirAsia India,MAA,DEL,18,No,Weather
7/27/2022,AI9025,Air India,DEL,BOM,256,No,Operational
6/27/2024,AI2548,GoAir,CCU,MAA,180,No,Weather
2/11/2020,AI5647,AirAsia India,MAA,BLR,284,No,Technical
1/25/2020,AI2217,Vistara,BOM,BLR,261,No,Late Arrival
11/28/2022,AI9012,AirAsia India,HYD,CCU,144,No,Late Arrival
12/31/2024,AI6581,GoAir,BOM,DEL,172,No,Air Traffic
5/10/2020,AI6047,SpiceJet,BOM,MAA,7,No,Weather
3/1/2024,AI9244,Air India,MAA,HYD,108,No,Technical
6/6/2023,AI2857,GoAir,CCU,CCU,295,No,Air Traffic
4/17/2020,AI198,SpiceJet,PNQ,HYD,156,No,Air Traffic
6/20/2020,AI6340,AirAsia India,BLR,CCU,91,No,Crew
12/29/2023,AI4375,AirAsia India,DEL,DEL,284,No,Air Traffic
2/10/2024,AI3691,GoAir,BLR,MAA,110,No,Air Traffic
4/11/2020,AI3546,Vistara,CCU,DEL,116,No,Crew
5/15/2022,AI6653,AirAsia India,BLR,BLR,100,No,Late Arrival
6/7/2021,AI6146,Vistara,HYD,HYD,265,No,Late Arrival
10/1/2020,AI9977,Vistara,HYD,BOM,42,No,Operational
6/24/2024,AI3456,Vistara,MAA,PNQ,289,No,Air Traffic
12/3/2022,AI5052,IndiGo,BOM,BLR,,Yes,
3/27/2022,AI7050,SpiceJet,CCU,BLR,129,No,Weather
8/14/2022,AI8706,SpiceJet,CCU,HYD,189,No,Late Arrival
11/6/2022,AI8916,AirAsia India,BLR,CCU,193,No,Technical
11/25/2020,AI9335,AirAsia India,MAA,BLR,52,No,Weather
5/11/2024,AI2617,Vistara,BLR,PNQ,190,No,Operational
2/29/2024,AI8601,IndiGo,BLR,MAA,135,No,Air Traffic
1/12/2020,AI4780,Vistara,CCU,BLR,153,No,Crew
9/3/2023,AI9313,IndiGo,BLR,MAA,271,No,Operational
6/3/2024,AI5483,Vistara,BOM,DEL,223,No,Weather
8/3/2020,AI8999,Air India,BLR,CCU,142,No,Crew
12/4/2020,AI570,Air India,BOM,MAA,237,No,Technical
12/4/2024,AI1993,GoAir,CCU,BLR,2,No,Crew
10/22/2021,AI2850,Vistara,MAA,CCU,196,No,Crew
1/9/2023,AI888,AirAsia India,HYD,PNQ,73,No,Technical
10/16/2024,AI4654,SpiceJet,BOM,CCU,148,No,Late Arrival
2/17/2024,AI6727,GoAir,MAA,MAA,242,No,Late Arrival
1/8/2021,AI6351,AirAsia India,MAA,MAA,44,No,Crew
9/2/2022,AI6031,Air India,BOM,BOM,225,No,Crew
12/10/2021,AI6045,Vistara,CCU,BOM,186,No,Operational
5/8/2023,AI9062,GoAir,DEL,CCU,79,No,Late Arrival
4/9/2024,AI3621,Vistara,MAA,HYD,168,No,Technical
4/10/2021,AI7709,Air India,MAA,HYD,143,No,Air Traffic
1/17/2023,AI1461,GoAir,CCU,BOM,216,No,Air Traffic
7/15/2023,AI2857,Air India,CCU,BLR,,Yes,
8/5/2024,AI1500,IndiGo,BLR,DEL,166,No,Crew
5/13/2024,AI8016,Air India,CCU,CCU,270,No,Crew
5/3/2021,AI4103,Vistara,MAA,DEL,258,No,Air Traffic
4/10/2024,AI841,SpiceJet,BOM,BOM,169,No,Operational
2/16/2020,AI6885,Air India,DEL,MAA,291,No,Operational
8/4/2023,AI3562,AirAsia India,PNQ,PNQ,108,No,Operational
2/16/2022,AI464,SpiceJet,BLR,CCU,103,No,Weather
11/5/2022,AI3108,IndiGo,PNQ,BOM,216,No,Technical
12/11/2021,AI2095,GoAir,BOM,BLR,32,No,Weather
2/4/2021,AI5083,GoAir,DEL,PNQ,2,No,Crew
12/22/2024,AI531,SpiceJet,DEL,CCU,85,No,Operational
9/7/2022,AI9405,GoAir,DEL,CCU,0,No,
1/14/2023,AI2381,Air India,HYD,HYD,272,No,Operational
9/6/2020,AI9123,SpiceJet,BOM,MAA,206,No,Air Traffic
1/25/2021,AI4567,Vistara,BLR,CCU,219,No,Air Traffic
12/10/2024,AI5183,Air India,BLR,MAA,23,No,Operational
11/30/2020,AI1291,Air India,DEL,BOM,135,No,Late Arrival
9/20/2021,AI9466,Air India,BOM,BLR,64,No,Air Traffic
3/22/2024,AI5892,Vistara,HYD,PNQ,246,No,Technical
5/16/2020,AI7795,IndiGo,DEL,PNQ,230,No,Weather
6/1/2022,AI9590,AirAsia India,CCU,BLR,92,No,Technical
11/18/2021,AI6861,GoAir,PNQ,CCU,279,No,Air Traffic
3/1/2024,AI4339,SpiceJet,BLR,CCU,137,No,Operational
4/6/2022,AI1805,IndiGo,PNQ,BOM,,Yes,
12/27/2021,AI9606,SpiceJet,MAA,HYD,3,No,Crew
2/9/2024,AI6040,GoAir,DEL,HYD,171,No,Late Arrival
8/16/2021,AI9207,Vistara,CCU,HYD,251,No,Air Traffic
5/31/2023,AI4968,Air India,BLR,MAA,132,No,Technical
9/16/2022,AI5103,Air India,PNQ,HYD,158,No,Crew
1/6/2021,AI1986,Vistara,HYD,BLR,274,No,Air Traffic
7/23/2022,AI7316,IndiGo,BOM,PNQ,21,No,Operational
9/21/2022,AI1271,IndiGo,BLR,PNQ,92,No,Operational
2/5/2021,AI7443,SpiceJet,PNQ,MAA,195,No,Operational
1/6/2024,AI6620,Vistara,BOM,BOM,220,No,Operational
2/22/2024,AI8450,IndiGo,PNQ,BLR,202,No,Air Traffic
9/6/2021,AI1035,Vistara,BOM,PNQ,108,No,Late Arrival
7/20/2023,AI9539,GoAir,HYD,BLR,120,No,Late Arrival
3/29/2024,AI5427,Air India,HYD,PNQ,125,No,Technical
3/28/2023,AI5902,Air India,DEL,DEL,4,No,Air Traffic
3/21/2023,AI5368,Air India,DEL,BOM,7,No,Operational
9/21/2022,AI5855,Vistara,BLR,BOM,17,No,Late Arrival
9/11/2021,AI8437,Vistara,HYD,DEL,197,No,Air Traffic
7/6/2020,AI3776,SpiceJet,CCU,MAA,92,No,Crew
1/26/2023,AI7079,Air India,PNQ,PNQ,293,No,Late Arrival
5/10/2020,AI9077,SpiceJet,PNQ,PNQ,105,No,Late Arrival
3/15/2022,AI9663,Air India,PNQ,PNQ,88,No,Technical
4/9/2023,AI4796,SpiceJet,BLR,HYD,290,No,Late Arrival
7/24/2022,AI3648,SpiceJet,PNQ,HYD,108,No,Crew
9/12/2022,AI1295,GoAir,MAA,HYD,228,No,Operational
7/1/2020,AI9939,SpiceJet,BOM,HYD,279,No,Weather
9/9/2022,AI8269,Vistara,PNQ,HYD,118,No,Technical
12/29/2020,AI5729,SpiceJet,BOM,DEL,103,No,Crew
2/8/2020,AI4513,Air India,DEL,BOM,250,No,Technical
3/30/2024,AI4667,SpiceJet,PNQ,MAA,12,No,Air Traffic
5/11/2021,AI638,IndiGo,CCU,BLR,235,No,Operational
3/19/2024,AI4753,AirAsia India,HYD,HYD,229,No,Late Arrival
10/4/2023,AI8773,Air India,HYD,DEL,243,No,Air Traffic
9/8/2022,AI1526,IndiGo,DEL,PNQ,189,No,Late Arrival
7/9/2022,AI1538,Air India,MAA,MAA,196,No,Crew
11/21/2023,AI550,Vistara,BLR,MAA,147,No,Operational
12/22/2021,AI398,AirAsia India,BLR,MAA,93,No,Weather
3/30/2023,AI6285,AirAsia India,CCU,DEL,197,No,Weather
1/16/2020,AI3241,Vistara,DEL,BLR,18,No,Late Arrival
5/7/2021,AI2550,AirAsia India,DEL,HYD,186,No,Air Traffic
12/20/2023,AI426,Vistara,MAA,MAA,46,No,Operational
2/5/2023,AI9853,IndiGo,PNQ,DEL,234,No,Operational
6/12/2022,AI6617,GoAir,BLR,PNQ,0,No,
1/13/2024,AI7676,Air India,PNQ,BOM,206,No,Crew
11/6/2020,AI7835,Vistara,DEL,PNQ,189,No,Air Traffic
1/8/2022,AI4520,Air India,PNQ,DEL,49,No,Weather
4/8/2023,AI2546,IndiGo,HYD,DEL,125,No,Crew
6/29/2021,AI849,GoAir,CCU,DEL,168,No,Technical
2/17/2021,AI1784,IndiGo,BLR,MAA,150,No,Operational
9/7/2020,AI1418,AirAsia India,MAA,DEL,289,No,Weather
1/28/2022,AI4364,Air India,CCU,BOM,202,No,Crew
12/9/2024,AI9688,GoAir,BOM,MAA,250,No,Late Arrival
3/10/2023,AI9558,AirAsia India,HYD,PNQ,173,No,Technical
7/21/2023,AI2282,GoAir,MAA,BOM,220,No,Crew
12/10/2023,AI4412,AirAsia India,CCU,CCU,233,No,Late Arrival
6/19/2024,AI3398,IndiGo,DEL,PNQ,225,No,Weather
10/28/2024,AI9300,Vistara,BOM,DEL,,Yes,
11/28/2022,AI9935,Air India,MAA,HYD,267,No,Weather
3/24/2022,AI5494,SpiceJet,DEL,HYD,201,No,Technical
1/29/2020,AI9461,SpiceJet,HYD,MAA,214,No,Late Arrival
8/15/2022,AI3899,IndiGo,BOM,HYD,227,No,Operational
4/21/2021,AI6146,Air India,BLR,PNQ,61,No,Weather
11/13/2020,AI8709,Air India,DEL,MAA,234,No,Air Traffic
9/1/2020,AI8393,IndiGo,CCU,PNQ,201,No,Operational
1/17/2022,AI9977,Air India,PNQ,DEL,40,No,Operational
11/27/2021,AI812,Vistara,MAA,BLR,163,No,Crew
9/28/2020,AI7062,IndiGo,BOM,BLR,163,No,Crew
1/3/2024,AI7452,Vistara,DEL,BOM,269,No,Weather
11/6/2024,AI5820,Air India,BLR,DEL,170,No,Operational
6/16/2023,AI4992,IndiGo,PNQ,HYD,126,No,Crew
1/11/2021,AI5325,Air India,MAA,DEL,105,No,Late Arrival
9/22/2020,AI4869,IndiGo,MAA,CCU,273,No,Late Arrival
7/14/2022,AI7216,Air India,DEL,BLR,68,No,Late Arrival
7/9/2022,AI7749,Vistara,BLR,HYD,5,No,Late Arrival
10/14/2023,AI3366,Vistara,HYD,PNQ,13,No,Operational
12/5/2020,AI7658,Air India,PNQ,PNQ,212,No,Late Arrival
1/23/2021,AI1055,IndiGo,HYD,BLR,165,No,Operational
7/30/2021,AI9086,SpiceJet,BOM,DEL,105,No,Weather
9/8/2024,AI3161,Vistara,DEL,HYD,69,No,Weather
1/3/2020,AI2335,Vistara,PNQ,BOM,99,No,Late Arrival
12/23/2023,AI6526,AirAsia India,BOM,PNQ,50,No,Late Arrival
3/11/2023,AI904,SpiceJet,HYD,DEL,177,No,Late Arrival
1/10/2021,AI4039,Air India,PNQ,BOM,120,No,Weather
8/20/2024,AI8699,IndiGo,MAA,HYD,226,No,Crew
11/19/2020,AI9457,AirAsia India,BOM,BLR,78,No,Weather
5/25/2020,AI4616,Air India,BLR,CCU,117,No,Late Arrival
10/19/2020,AI3714,GoAir,CCU,MAA,30,No,Crew
8/15/2024,AI9053,Vistara,HYD,BLR,94,No,Crew
3/7/2021,AI9984,GoAir,HYD,BOM,48,No,Technical
12/5/2021,AI8886,Vistara,BLR,DEL,121,No,Operational
8/6/2022,AI3589,Vistara,PNQ,PNQ,,Yes,
8/7/2021,AI2829,GoAir,PNQ,HYD,,Yes,
2/2/2021,AI1021,GoAir,PNQ,BLR,38,No,Late Arrival
3/27/2022,AI2422,Air India,BOM,PNQ,53,No,Operational
9/29/2023,AI2219,AirAsia India,DEL,PNQ,65,No,Technical
8/21/2022,AI8955,AirAsia India,MAA,CCU,79,No,Operational
3/9/2023,AI2301,GoAir,CCU,HYD,87,No,Late Arrival
7/5/2020,AI5358,Air India,DEL,BOM,220,No,Technical
3/1/2020,AI6294,AirAsia India,DEL,HYD,193,No,Operational
7/27/2022,AI109,Air India,BLR,HYD,44,No,Weather
11/4/2023,AI8810,Air India,BOM,DEL,29,No,Crew
12/10/2021,AI788,Vistara,HYD,MAA,174,No,Technical
3/17/2022,AI1107,AirAsia India,HYD,PNQ,42,No,Weather
1/3/2024,AI8320,AirAsia India,BLR,BOM,150,No,Late Arrival
9/4/2023,AI4293,Vistara,BOM,DEL,113,No,Crew
8/18/2023,AI2539,GoAir,BLR,PNQ,241,No,Technical
9/29/2023,AI7754,Vistara,HYD,MAA,153,No,Crew
1/11/2020,AI5771,AirAsia India,DEL,DEL,234,No,Air Traffic
12/21/2022,AI2573,AirAsia India,MAA,MAA,251,No,Air Traffic
8/13/2020,AI6683,GoAir,PNQ,MAA,36,No,Technical
3/22/2023,AI3343,Vistara,BOM,MAA,19,No,Technical
9/30/2024,AI920,IndiGo,CCU,DEL,148,No,Operational
7/17/2021,AI1441,IndiGo,CCU,HYD,179,No,Crew
2/10/2022,AI8865,GoAir,DEL,MAA,263,No,Air Traffic
5/13/2024,AI6265,Vistara,BLR,HYD,291,No,Air Traffic
5/26/2024,AI4856,Vistara,BLR,PNQ,151,No,Crew
8/10/2024,AI2543,Air India,HYD,PNQ,3,No,Air Traffic
5/17/2024,AI2975,AirAsia India,DEL,BOM,229,No,Weather
8/26/2023,AI2133,SpiceJet,HYD,CCU,,Yes,
6/3/2022,AI7669,GoAir,HYD,HYD,260,No,Air Traffic
6/20/2023,AI9126,SpiceJet,CCU,PNQ,191,No,Air Traffic
2/25/2024,AI7363,SpiceJet,HYD,CCU,197,No,Late Arrival
10/21/2023,AI8945,GoAir,PNQ,MAA,214,No,Weather
9/15/2023,AI5165,Vistara,HYD,CCU,265,No,Operational
2/4/2023,AI119,GoAir,CCU,CCU,91,No,Technical
8/13/2020,AI2564,SpiceJet,PNQ,MAA,207,No,Air Traffic
4/4/2022,AI7272,AirAsia India,BLR,HYD,277,No,Operational
8/5/2020,AI2306,AirAsia India,BOM,MAA,178,No,Operational
7/25/2022,AI1794,AirAsia India,MAA,BOM,,Yes,
1/22/2022,AI2532,Vistara,HYD,BLR,104,No,Weather
5/20/2021,AI4572,IndiGo,PNQ,DEL,34,No,Technical
9/15/2020,AI9376,GoAir,BOM,MAA,190,No,Late Arrival
12/2/2024,AI191,AirAsia India,CCU,MAA,,Yes,
3/20/2024,AI992,GoAir,BOM,CCU,68,No,Operational
12/1/2024,AI5953,AirAsia India,MAA,BOM,153,No,Late Arrival
2/23/2020,AI3720,Vistara,BOM,PNQ,218,No,Technical
12/6/2022,AI8698,IndiGo,PNQ,PNQ,82,No,Technical
12/27/2021,AI6526,IndiGo,BOM,CCU,157,No,Weather
11/19/2021,AI9758,AirAsia India,BOM,HYD,98,No,Crew
3/24/2024,AI3781,Vistara,BOM,MAA,259,No,Air Traffic
1/27/2023,AI2558,Air India,DEL,MAA,90,No,Weather
11/9/2022,AI2101,GoAir,HYD,CCU,113,No,Late Arrival
11/11/2024,AI1453,GoAir,CCU,MAA,122,No,Weather
5/15/2024,AI1361,SpiceJet,MAA,HYD,172,No,Technical
2/22/2024,AI7096,Vistara,CCU,BLR,191,No,Operational
2/22/2021,AI1780,SpiceJet,DEL,DEL,259,No,Air Traffic
11/20/2021,AI343,AirAsia India,DEL,DEL,278,No,Air Traffic
4/29/2022,AI941,SpiceJet,PNQ,DEL,279,No,Crew
3/2/2020,AI7156,IndiGo,DEL,BLR,233,No,Technical
3/14/2023,AI5520,GoAir,HYD,MAA,143,No,Air Traffic
8/3/2020,AI2372,SpiceJet,DEL,CCU,25,No,Air Traffic
1/3/2020,AI8022,IndiGo,BOM,PNQ,287,No,Operational
6/8/2020,AI2254,Vistara,CCU,BOM,135,No,Late Arrival
10/28/2024,AI6787,SpiceJet,BLR,MAA,263,No,Late Arrival
2/19/2022,AI3219,AirAsia India,MAA,BLR,85,No,Late Arrival
2/17/2023,AI9130,AirAsia India,DEL,HYD,,Yes,
6/11/2022,AI9267,AirAsia India,CCU,BLR,65,No,Weather
1/17/2023,AI3207,GoAir,PNQ,PNQ,,Yes,
11/24/2020,AI9339,SpiceJet,DEL,DEL,236,No,Late Arrival
8/2/2021,AI2854,Vistara,HYD,MAA,195,No,Late Arrival
10/12/2023,AI7298,SpiceJet,DEL,PNQ,41,No,Weather
6/21/2024,AI1694,GoAir,DEL,DEL,29,No,Operational
7/14/2023,AI4058,IndiGo,DEL,BOM,11,No,Technical
6/28/2024,AI9945,GoAir,PNQ,HYD,43,No,Air Traffic
8/9/2022,AI1167,AirAsia India,DEL,DEL,181,No,Crew
9/8/2023,AI4530,IndiGo,MAA,BOM,45,No,Air Traffic
9/26/2021,AI1512,AirAsia India,CCU,BLR,244,No,Late Arrival
9/14/2022,AI1354,Air India,HYD,DEL,163,No,Late Arrival
4/13/2024,AI9656,GoAir,DEL,DEL,178,No,Air Traffic
7/30/2024,AI8610,GoAir,DEL,CCU,147,No,Air Traffic
5/3/2023,AI3214,Vistara,DEL,HYD,151,No,Late Arrival
7/9/2022,AI1308,SpiceJet,DEL,HYD,9,No,Weather
1/7/2022,AI873,IndiGo,BOM,PNQ,161,No,Weather
9/17/2023,AI5505,IndiGo,BOM,BLR,39,No,Weather
6/18/2020,AI4108,Vistara,BLR,CCU,235,No,Crew
6/4/2021,AI4768,Vistara,DEL,PNQ,188,No,Technical
1/26/2024,AI252,SpiceJet,BLR,BOM,,Yes,
2/9/2020,AI9762,AirAsia India,MAA,PNQ,,Yes,
4/9/2024,AI3882,SpiceJet,BLR,BOM,79,No,Late Arrival
7/8/2023,AI790,GoAir,CCU,BLR,48,No,Operational
11/19/2023,AI2263,AirAsia India,BOM,HYD,229,No,Air Traffic
8/12/2022,AI9361,Air India,BOM,BOM,42,No,Air Traffic
6/3/2023,AI8772,SpiceJet,DEL,BLR,258,No,Late Arrival
9/10/2022,AI3680,Vistara,DEL,PNQ,219,No,Late Arrival
2/21/2023,AI9082,AirAsia India,MAA,BOM,,Yes,
9/1/2022,AI3393,SpiceJet,HYD,MAA,107,No,Late Arrival
2/7/2020,AI3588,IndiGo,MAA,DEL,189,No,Air Traffic
11/23/2020,AI240,Air India,CCU,PNQ,150,No,Late Arrival
6/28/2023,AI7518,GoAir,DEL,HYD,247,No,Air Traffic
4/14/2023,AI2431,IndiGo,DEL,PNQ,92,No,Technical
6/13/2024,AI3554,IndiGo,MAA,MAA,46,No,Operational
7/2/2022,AI2779,Air India,MAA,BLR,66,No,Weather
3/29/2021,AI8850,GoAir,MAA,BLR,284,No,Operational
2/6/2020,AI6507,Vistara,BOM,PNQ,236,No,Late Arrival
9/1/2023,AI5235,AirAsia India,BLR,MAA,17,No,Operational
9/7/2024,AI1419,GoAir,BLR,PNQ,193,No,Late Arrival
8/30/2022,AI6735,SpiceJet,DEL,DEL,13,No,Operational
3/6/2022,AI5263,IndiGo,BOM,DEL,,Yes,
8/30/2022,AI4567,SpiceJet,MAA,CCU,57,No,Crew
8/15/2021,AI8264,Vistara,DEL,BOM,47,No,Operational
2/11/2023,AI3273,SpiceJet,BOM,CCU,165,No,Weather
11/29/2022,AI9023,GoAir,CCU,DEL,,Yes,
8/17/2023,AI2403,SpiceJet,HYD,MAA,2,No,Weather
8/11/2020,AI9407,Vistara,BOM,BOM,150,No,Operational
11/13/2020,AI9686,Vistara,PNQ,MAA,174,No,Air Traffic
12/14/2020,AI4273,Vistara,DEL,CCU,95,No,Air Traffic
4/24/2020,AI7350,GoAir,BLR,BLR,44,No,Air Traffic
11/28/2021,AI6762,Vistara,PNQ,MAA,232,No,Operational
9/8/2023,AI8606,IndiGo,MAA,CCU,63,No,Air Traffic
5/10/2024,AI4504,Vistara,HYD,CCU,179,No,Technical
11/29/2022,AI6625,SpiceJet,CCU,CCU,94,No,Operational
2/9/2020,AI7385,AirAsia India,HYD,BLR,97,No,Weather
11/7/2024,AI4747,SpiceJet,HYD,BLR,6,No,Air Traffic
8/5/2023,AI721,AirAsia India,BOM,PNQ,26,No,Crew
7/9/2023,AI969,SpiceJet,DEL,BLR,242,No,Air Traffic
8/3/2020,AI8985,GoAir,DEL,BOM,78,No,Weather
3/16/2023,AI713,SpiceJet,HYD,BLR,8,No,Technical
12/1/2020,AI7865,GoAir,MAA,BLR,182,No,Operational
4/6/2023,AI8550,GoAir,DEL,BLR,,Yes,
4/1/2020,AI5825,Vistara,HYD,MAA,178,No,Air Traffic
12/18/2020,AI937,IndiGo,DEL,BLR,76,No,Crew
7/24/2021,AI3285,AirAsia India,MAA,BOM,94,No,Weather
5/13/2024,AI8559,Vistara,CCU,CCU,54,No,Crew
3/26/2022,AI3719,Vistara,PNQ,MAA,35,No,Late Arrival
8/31/2024,AI9005,GoAir,HYD,DEL,17,No,Weather
2/19/2022,AI9349,GoAir,BLR,BLR,181,No,Late Arrival
12/28/2020,AI7899,AirAsia India,BLR,PNQ,230,No,Crew
7/10/2021,AI7730,SpiceJet,HYD,PNQ,173,No,Operational
9/30/2023,AI4040,SpiceJet,BOM,CCU,60,No,Operational
9/12/2024,AI168,Vistara,CCU,CCU,191,No,Operational
4/8/2023,AI7003,Air India,BOM,MAA,156,No,Late Arrival
12/21/2020,AI3875,Air India,PNQ,PNQ,133,No,Operational
7/9/2020,AI5462,SpiceJet,BLR,DEL,264,No,Technical
8/17/2024,AI3110,Air India,MAA,HYD,143,No,Weather
2/25/2021,AI6319,SpiceJet,HYD,PNQ,,Yes,
11/30/2021,AI7643,GoAir,PNQ,PNQ,255,No,Weather
1/7/2020,AI3086,Vistara,DEL,BOM,211,No,Crew
5/12/2020,AI5721,IndiGo,BLR,HYD,248,No,Air Traffic
11/5/2024,AI7033,Vistara,CCU,CCU,162,No,Late Arrival
7/10/2021,AI9241,SpiceJet,BLR,HYD,265,No,Weather
4/5/2022,AI1036,SpiceJet,CCU,PNQ,100,No,Late Arrival
1/30/2022,AI9888,Vistara,CCU,CCU,281,No,Crew
11/20/2022,AI841,AirAsia India,HYD,HYD,28,No,Operational
6/18/2021,AI6672,SpiceJet,CCU,CCU,24,No,Air Traffic
3/1/2021,AI1366,Air India,BOM,CCU,228,No,Crew
11/18/2023,AI424,Air India,PNQ,MAA,215,No,Technical
11/2/2021,AI5918,SpiceJet,MAA,DEL,128,No,Operational
12/28/2020,AI1130,SpiceJet,BLR,CCU,95,No,Operational
12/31/2023,AI3938,AirAsia India,MAA,BOM,178,No,Operational
8/20/2024,AI761,Air India,PNQ,PNQ,29,No,Crew
4/23/2024,AI6769,SpiceJet,DEL,PNQ,232,No,Technical
3/22/2020,AI2643,SpiceJet,PNQ,BOM,92,No,Air Traffic
12/21/2020,AI7967,AirAsia India,BLR,BLR,12,No,Late Arrival
7/5/2023,AI8809,AirAsia India,MAA,CCU,3,No,Crew
10/7/2024,AI1025,Vistara,MAA,CCU,179,No,Weather
8/11/2021,AI8591,AirAsia India,HYD,CCU,88,No,Weather
3/27/2024,AI7929,IndiGo,HYD,HYD,113,No,Crew
10/21/2020,AI9830,Air India,PNQ,CCU,232,No,Late Arrival
6/1/2023,AI7058,Vistara,PNQ,CCU,,Yes,
3/28/2024,AI9159,IndiGo,DEL,BOM,96,No,Weather
12/5/2022,AI6855,SpiceJet,CCU,DEL,58,No,Late Arrival
8/17/2024,AI2223,SpiceJet,BLR,DEL,162,No,Operational
2/10/2023,AI5025,Vistara,HYD,BLR,200,No,Crew
6/10/2023,AI3574,AirAsia India,BLR,BOM,197,No,Operational
1/17/2020,AI8485,SpiceJet,DEL,CCU,235,No,Weather
12/25/2020,AI3313,GoAir,HYD,DEL,92,No,Late Arrival
5/31/2023,AI786,Vistara,HYD,MAA,,Yes,
5/15/2022,AI3615,IndiGo,CCU,MAA,57,No,Operational
11/30/2021,AI2946,Vistara,BLR,MAA,209,No,Weather
3/23/2021,AI6193,Air India,BLR,CCU,155,No,Technical
5/5/2022,AI3156,AirAsia India,BLR,CCU,120,No,Operational
12/30/2020,AI512,AirAsia India,CCU,BLR,22,No,Technical
11/5/2021,AI1616,Vistara,HYD,PNQ,99,No,Technical
10/4/2022,AI3553,SpiceJet,DEL,BLR,282,No,Air Traffic
9/11/2023,AI5190,SpiceJet,BLR,BLR,108,No,Weather
4/11/2021,AI2254,GoAir,MAA,HYD,264,No,Crew
2/17/2021,AI8529,GoAir,CCU,MAA,259,No,Late Arrival
1/18/2024,AI4166,AirAsia India,BOM,CCU,38,No,Weather
8/8/2021,AI9832,GoAir,DEL,MAA,34,No,Air Traffic
6/10/2023,AI2871,IndiGo,MAA,BLR,,Yes,
6/1/2023,AI2623,GoAir,BLR,CCU,121,No,Air Traffic
9/20/2022,AI1142,IndiGo,BOM,BOM,190,No,Operational
12/6/2023,AI6851,GoAir,DEL,DEL,202,No,Late Arrival
7/25/2021,AI9726,AirAsia India,CCU,DEL,164,No,Air Traffic
11/30/2020,AI629,AirAsia India,BOM,BLR,,Yes,
5/30/2023,AI9328,IndiGo,HYD,PNQ,22,No,Crew
2/6/2020,AI2569,Vistara,PNQ,MAA,23,No,Weather
9/15/2022,AI3959,AirAsia India,BOM,BOM,157,No,Crew
10/4/2020,AI3761,Vistara,PNQ,CCU,69,No,Operational
5/4/2023,AI2180,SpiceJet,MAA,PNQ,118,No,Weather
7/4/2022,AI2957,IndiGo,DEL,MAA,146,No,Operational
4/28/2021,AI4775,AirAsia India,MAA,BLR,184,No,Late Arrival
6/19/2023,AI3712,Air India,MAA,MAA,205,No,Late Arrival
9/9/2023,AI6315,SpiceJet,BLR,BLR,123,No,Crew
12/31/2021,AI9357,Vistara,CCU,HYD,,Yes,
7/10/2020,AI1881,AirAsia India,BOM,DEL,101,No,Crew
11/6/2022,AI876,IndiGo,DEL,PNQ,79,No,Late Arrival
6/7/2021,AI1942,GoAir,HYD,DEL,275,No,Technical
7/6/2022,AI8732,Air India,CCU,MAA,230,No,Late Arrival
2/4/2021,AI9418,Vistara,CCU,BOM,163,No,Weather
6/4/2022,AI4096,SpiceJet,DEL,CCU,296,No,Operational
12/5/2021,AI7540,IndiGo,CCU,BLR,79,No,Late Arrival
1/22/2020,AI2404,Air India,BLR,CCU,234,No,Late Arrival
4/18/2021,AI8229,IndiGo,CCU,DEL,204,No,Air Traffic
2/17/2023,AI2733,AirAsia India,BLR,BOM,186,No,Operational
7/28/2020,AI1972,GoAir,BOM,BOM,123,No,Air Traffic
11/1/2020,AI7521,SpiceJet,BOM,CCU,279,No,Operational
7/17/2023,AI5366,IndiGo,MAA,DEL,41,No,Weather
12/4/2021,AI2316,Vistara,BLR,CCU,121,No,Operational
11/17/2021,AI688,AirAsia India,HYD,MAA,187,No,Crew
10/11/2020,AI716,AirAsia India,BOM,BOM,92,No,Late Arrival
12/16/2021,AI3616,SpiceJet,CCU,BOM,264,No,Operational
8/26/2024,AI384,AirAsia India,DEL,MAA,126,No,Weather
2/1/2022,AI7327,Vistara,DEL,DEL,299,No,Operational
6/4/2023,AI715,IndiGo,PNQ,BOM,210,No,Late Arrival
8/5/2022,AI4328,SpiceJet,BLR,PNQ,266,No,Technical
1/15/2021,AI7187,AirAsia India,HYD,HYD,167,No,Operational
4/4/2021,AI7950,AirAsia India,MAA,HYD,128,No,Crew
10/27/2022,AI149,Vistara,CCU,HYD,159,No,Late Arrival
1/29/2020,AI1105,GoAir,BLR,BLR,260,No,Weather
6/25/2022,AI2118,GoAir,PNQ,PNQ,75,No,Late Arrival
11/22/2022,AI254,AirAsia India,DEL,BLR,138,No,Air Traffic
7/27/2024,AI1672,IndiGo,BLR,DEL,46,No,Technical
5/28/2022,AI1068,SpiceJet,CCU,MAA,288,No,Weather
3/19/2020,AI6592,AirAsia India,HYD,CCU,249,No,Technical
8/4/2022,AI8071,Air India,HYD,PNQ,179,No,Technical
4/3/2021,AI967,SpiceJet,BOM,DEL,12,No,Crew
7/23/2021,AI3119,GoAir,CCU,CCU,,Yes,
4/10/2024,AI7273,AirAsia India,PNQ,DEL,128,No,Operational
2/14/2024,AI9699,Vistara,BOM,BLR,153,No,Crew
12/24/2023,AI1816,Air India,BOM,HYD,5,No,Crew
1/7/2022,AI1761,AirAsia India,BOM,MAA,155,No,Air Traffic
8/1/2023,AI8993,IndiGo,BLR,BLR,109,No,Crew
5/30/2021,AI7883,Air India,PNQ,MAA,238,No,Weather
1/27/2023,AI6685,AirAsia India,DEL,PNQ,86,No,Operational
1/31/2021,AI3671,IndiGo,HYD,CCU,95,No,Operational
2/21/2024,AI1550,Air India,BLR,DEL,88,No,Weather
2/8/2020,AI6068,IndiGo,DEL,BOM,40,No,Crew
7/18/2023,AI7597,IndiGo,HYD,BOM,267,No,Crew
6/5/2022,AI1074,Air India,PNQ,MAA,142,No,Technical
3/7/2022,AI2863,Air India,PNQ,HYD,191,No,Technical
6/5/2020,AI7668,IndiGo,CCU,HYD,159,No,Air Traffic
1/3/2023,AI4560,GoAir,HYD,MAA,262,No,Late Arrival
6/2/2022,AI3794,Air India,HYD,BLR,,Yes,
12/28/2024,AI310,AirAsia India,PNQ,BOM,232,No,Technical
2/27/2023,AI3768,SpiceJet,HYD,BLR,283,No,Operational
9/6/2024,AI4487,Vistara,MAA,CCU,27,No,Weather
8/31/2022,AI538,IndiGo,CCU,BOM,82,No,Crew
1/12/2023,AI1741,IndiGo,BLR,CCU,78,No,Late Arrival
11/11/2022,AI4629,Vistara,BLR,DEL,237,No,Technical
1/22/2024,AI6126,GoAir,DEL,BLR,243,No,Late Arrival
4/11/2024,AI9627,Vistara,BLR,MAA,8,No,Weather
9/26/2024,AI3579,Air India,BOM,BOM,244,No,Weather
4/28/2022,AI2046,Vistara,HYD,BLR,218,No,Late Arrival
11/6/2023,AI2210,IndiGo,BLR,MAA,90,No,Late Arrival
1/17/2022,AI5436,Vistara,DEL,DEL,109,No,Air Traffic
1/3/2024,AI1083,SpiceJet,DEL,BOM,231,No,Late Arrival
6/15/2024,AI9686,AirAsia India,BOM,CCU,112,No,Crew
9/15/2022,AI8796,Air India,DEL,DEL,161,No,Operational
1/21/2020,AI3948,Vistara,PNQ,HYD,85,No,Technical
10/29/2020,AI6867,IndiGo,MAA,MAA,15,No,Technical
5/18/2022,AI3820,AirAsia India,PNQ,BOM,63,No,Technical
3/24/2020,AI3371,Air India,HYD,BOM,,Yes,
12/2/2024,AI8200,IndiGo,HYD,PNQ,143,No,Late Arrival
8/9/2024,AI5172,GoAir,HYD,PNQ,254,No,Late Arrival
1/16/2024,AI500,SpiceJet,CCU,DEL,139,No,Air Traffic
11/11/2023,AI8311,GoAir,BLR,BOM,83,No,Late Arrival
3/10/2024,AI3449,SpiceJet,MAA,MAA,98,No,Air Traffic
7/4/2023,AI6811,Vistara,BLR,DEL,258,No,Air Traffic
7/23/2021,AI811,Air India,MAA,CCU,211,No,Crew
7/22/2022,AI4766,Vistara,BLR,DEL,179,No,Crew
3/30/2024,AI9643,SpiceJet,BOM,DEL,56,No,Crew
3/31/2023,AI7641,SpiceJet,PNQ,CCU,277,No,Crew
4/1/2023,AI727,SpiceJet,DEL,HYD,158,No,Weather
10/5/2022,AI4298,AirAsia India,DEL,PNQ,279,No,Crew
3/3/2022,AI3620,IndiGo,PNQ,MAA,215,No,Crew
3/2/2022,AI2954,Air India,BOM,HYD,213,No,Crew
3/27/2024,AI7467,Vistara,MAA,HYD,283,No,Air Traffic
12/14/2024,AI3745,Vistara,PNQ,HYD,,Yes,
7/18/2023,AI8848,GoAir,CCU,PNQ,38,No,Technical
5/6/2021,AI504,SpiceJet,MAA,BLR,44,No,Technical
7/26/2020,AI7171,SpiceJet,DEL,PNQ,139,No,Technical
4/11/2024,AI1628,SpiceJet,CCU,HYD,234,No,Operational
5/26/2024,AI2476,Vistara,BLR,BLR,192,No,Weather
12/19/2022,AI8322,GoAir,CCU,CCU,299,No,Air Traffic
3/5/2021,AI2181,IndiGo,MAA,PNQ,135,No,Late Arrival
9/11/2022,AI7661,AirAsia India,BOM,MAA,221,No,Air Traffic
8/7/2024,AI2502,Air India,BLR,HYD,93,No,Crew
6/16/2024,AI7421,IndiGo,MAA,BOM,273,No,Technical
8/25/2023,AI3559,Vistara,BLR,CCU,276,No,Air Traffic
6/3/2021,AI6678,AirAsia India,CCU,BLR,218,No,Weather
8/13/2021,AI434,AirAsia India,DEL,PNQ,179,No,Crew
11/16/2022,AI5947,AirAsia India,MAA,MAA,52,No,Operational
9/5/2024,AI2029,SpiceJet,BOM,DEL,83,No,Late Arrival
5/4/2024,AI2026,Air India,PNQ,MAA,,Yes,
7/17/2020,AI6844,Vistara,CCU,MAA,115,No,Crew
1/21/2021,AI4052,Vistara,MAA,HYD,169,No,Late Arrival
12/14/2020,AI1274,AirAsia India,BOM,HYD,212,No,Air Traffic
8/17/2022,AI6000,Vistara,MAA,PNQ,80,No,Crew
11/23/2021,AI2691,Air India,CCU,PNQ,26,No,Operational
4/8/2024,AI8990,Air India,MAA,BLR,94,No,Air Traffic
1/12/2021,AI5888,GoAir,BLR,PNQ,131,No,Weather
6/17/2022,AI5242,GoAir,CCU,BLR,204,No,Late Arrival
7/4/2022,AI4282,IndiGo,MAA,HYD,,Yes,
4/30/2024,AI1975,Air India,PNQ,HYD,106,No,Late Arrival
6/10/2021,AI2688,Air India,DEL,BOM,254,No,Weather
3/22/2023,AI9573,Air India,MAA,BOM,9,No,Late Arrival
1/3/2022,AI862,GoAir,BLR,CCU,288,No,Air Traffic
7/24/2020,AI9708,AirAsia India,BOM,HYD,94,No,Technical
3/30/2021,AI1528,AirAsia India,PNQ,DEL,254,No,Weather
7/20/2023,AI584,Vistara,BOM,BOM,274,No,Operational
6/13/2023,AI7124,AirAsia India,PNQ,BLR,193,No,Crew
10/29/2024,AI4905,SpiceJet,BOM,MAA,103,No,Crew
6/4/2021,AI608,GoAir,DEL,PNQ,177,No,Weather
8/28/2024,AI8509,Air India,BLR,PNQ,107,No,Technical
10/13/2022,AI1954,AirAsia India,CCU,CCU,242,No,Air Traffic
8/13/2022,AI6109,GoAir,BOM,BOM,73,No,Operational
12/26/2021,AI9861,AirAsia India,PNQ,MAA,218,No,Crew
10/10/2022,AI9022,IndiGo,BLR,MAA,190,No,Crew
5/15/2021,AI1533,Air India,MAA,BOM,121,No,Air Traffic
4/26/2020,AI3767,IndiGo,DEL,DEL,14,No,Technical
1/20/2021,AI3703,Air India,BLR,DEL,49,No,Late Arrival
9/29/2023,AI4846,GoAir,BLR,CCU,124,No,Weather
8/6/2021,AI6929,Vistara,CCU,DEL,102,No,Technical
1/29/2021,AI6160,AirAsia India,BLR,CCU,15,No,Technical
12/23/2022,AI5608,AirAsia India,CCU,BLR,123,No,Technical
10/6/2024,AI997,SpiceJet,DEL,BOM,186,No,Technical
12/21/2021,AI9201,IndiGo,DEL,MAA,186,No,Late Arrival
3/12/2020,AI7740,AirAsia India,MAA,CCU,132,No,Air Traffic
12/17/2024,AI8734,GoAir,CCU,PNQ,279,No,Operational
9/30/2020,AI9153,Vistara,CCU,DEL,219,No,Technical
9/5/2023,AI8861,GoAir,BOM,PNQ,84,No,Technical
12/3/2020,AI1487,IndiGo,BOM,CCU,212,No,Weather
10/21/2023,AI6074,SpiceJet,MAA,HYD,230,No,Crew
2/27/2024,AI5130,AirAsia India,DEL,CCU,2,No,Late Arrival
8/29/2021,AI4876,GoAir,HYD,DEL,224,No,Technical
6/14/2020,AI8692,Air India,BOM,HYD,220,No,Operational
4/16/2024,AI7888,Vistara,BLR,HYD,258,No,Operational
1/11/2020,AI5365,GoAir,DEL,DEL,6,No,Operational
8/17/2023,AI8959,Vistara,HYD,HYD,,Yes,
12/29/2021,AI8090,AirAsia India,BLR,BOM,110,No,Weather
3/11/2022,AI7738,Air India,PNQ,MAA,254,No,Operational
4/11/2020,AI429,SpiceJet,CCU,PNQ,67,No,Air Traffic
12/19/2023,AI3386,SpiceJet,DEL,BOM,241,No,Weather
11/16/2023,AI9356,Air India,PNQ,BOM,274,No,Late Arrival
2/17/2022,AI1673,Vistara,MAA,DEL,263,No,Operational
8/1/2020,AI4238,AirAsia India,CCU,DEL,241,No,Crew
9/10/2024,AI2786,GoAir,CCU,PNQ,71,No,Technical
1/16/2023,AI6256,Air India,BLR,MAA,271,No,Late Arrival
4/25/2024,AI8352,IndiGo,PNQ,CCU,206,No,Air Traffic
2/4/2021,AI3278,Vistara,CCU,BOM,1,No,Crew
8/10/2021,AI7114,SpiceJet,BOM,HYD,200,No,Late Arrival
6/7/2022,AI7518,Air India,DEL,MAA,159,No,Air Traffic
12/5/2022,AI286,SpiceJet,BOM,BOM,193,No,Operational
8/22/2024,AI5099,Vistara,BLR,CCU,107,No,Late Arrival
1/26/2024,AI4207,SpiceJet,HYD,HYD,,Yes,
8/14/2021,AI3931,Air India,BLR,BOM,204,No,Late Arrival
8/26/2023,AI1061,Vistara,DEL,BLR,266,No,Late Arrival
1/14/2023,AI3434,IndiGo,CCU,PNQ,156,No,Weather
4/1/2020,AI4202,Air India,PNQ,MAA,137,No,Crew
8/10/2024,AI2699,GoAir,PNQ,PNQ,220,No,Air Traffic
11/3/2021,AI9689,AirAsia India,MAA,DEL,56,No,Operational
12/14/2021,AI551,Air India,BLR,BOM,230,No,Technical
7/24/2022,AI913,Vistara,DEL,HYD,268,No,Operational
8/29/2020,AI8030,AirAsia India,MAA,HYD,67,No,Operational
1/2/2020,AI1530,Air India,CCU,MAA,249,No,Weather
8/12/2020,AI5423,IndiGo,HYD,MAA,29,No,Weather
3/11/2022,AI7661,IndiGo,BLR,PNQ,,Yes,
11/3/2024,AI5112,GoAir,HYD,HYD,125,No,Late Arrival
8/11/2021,AI9365,SpiceJet,DEL,HYD,49,No,Operational
4/25/2020,AI7485,AirAsia India,HYD,HYD,65,No,Crew
8/16/2024,AI8361,Vistara,HYD,BOM,177,No,Weather
7/6/2022,AI3253,Vistara,DEL,HYD,146,No,Air Traffic
1/31/2023,AI6790,SpiceJet,DEL,DEL,251,No,Weather
7/12/2020,AI2950,IndiGo,BLR,HYD,112,No,Crew
4/4/2023,AI9618,IndiGo,HYD,DEL,149,No,Weather
5/20/2022,AI6059,Air India,MAA,BOM,84,No,Crew
3/30/2020,AI5923,GoAir,DEL,MAA,246,No,Technical
9/5/2024,AI5028,AirAsia India,CCU,DEL,,Yes,
5/1/2020,AI4823,GoAir,HYD,BOM,169,No,Crew
5/22/2020,AI4670,GoAir,DEL,HYD,85,No,Technical
9/20/2022,AI9786,Air India,MAA,BOM,280,No,Air Traffic
4/15/2020,AI6972,GoAir,PNQ,HYD,149,No,Late Arrival
6/5/2022,AI9601,SpiceJet,BLR,PNQ,118,No,Late Arrival
3/3/2021,AI5061,Air India,HYD,BOM,185,No,Weather
8/21/2023,AI8767,SpiceJet,PNQ,MAA,272,No,Crew
11/12/2020,AI1068,Air India,DEL,DEL,253,No,Weather
9/26/2021,AI1320,GoAir,DEL,PNQ,133,No,Crew
1/9/2020,AI5638,SpiceJet,CCU,MAA,112,No,Weather
2/12/2022,AI5825,SpiceJet,CCU,BLR,156,No,Late Arrival
1/1/2023,AI1360,SpiceJet,HYD,HYD,190,No,Air Traffic
10/14/2023,AI7530,Air India,PNQ,DEL,184,No,Late Arrival
8/10/2020,AI6727,Vistara,PNQ,MAA,241,No,Weather
12/10/2023,AI4248,GoAir,DEL,DEL,43,No,Crew
7/6/2021,AI8231,SpiceJet,HYD,BLR,25,No,Operational
10/25/2023,AI657,AirAsia India,DEL,CCU,121,No,Air Traffic
12/16/2021,AI2689,Vistara,CCU,HYD,44,No,Crew
7/11/2023,AI5276,AirAsia India,MAA,HYD,192,No,Weather
9/9/2024,AI125,GoAir,BOM,BOM,,Yes,
9/3/2023,AI7622,GoAir,BOM,HYD,209,No,Crew
1/12/2023,AI6784,SpiceJet,DEL,HYD,,Yes,
9/3/2023,AI1100,SpiceJet,PNQ,MAA,271,No,Technical
4/20/2020,AI1938,Air India,CCU,PNQ,77,No,Crew
9/7/2020,AI299,Vistara,BLR,HYD,267,No,Late Arrival
1/17/2021,AI6459,Vistara,BLR,HYD,201,No,Late Arrival
1/7/2020,AI4910,SpiceJet,BOM,BLR,187,No,Technical
4/3/2021,AI6409,GoAir,MAA,PNQ,167,No,Air Traffic
1/12/2023,AI4783,SpiceJet,BOM,BLR,287,No,Crew
7/26/2020,AI6336,GoAir,DEL,DEL,184,No,Air Traffic
6/18/2022,AI2376,GoAir,MAA,DEL,111,No,Operational
11/14/2023,AI7091,SpiceJet,BLR,HYD,64,No,Crew
8/30/2023,AI5865,IndiGo,PNQ,HYD,110,No,Late Arrival
1/22/2020,AI7376,Vistara,CCU,BOM,55,No,Late Arrival
2/13/2021,AI1898,AirAsia India,CCU,DEL,268,No,Air Traffic
6/13/2022,AI7244,GoAir,DEL,MAA,79,No,Weather
5/29/2021,AI8587,GoAir,BOM,HYD,2,No,Late Arrival
2/24/2023,AI2840,IndiGo,DEL,MAA,75,No,Weather
3/19/2022,AI5909,AirAsia India,CCU,HYD,107,No,Late Arrival
9/19/2024,AI8090,Air India,BLR,MAA,17,No,Late Arrival
5/23/2022,AI8009,IndiGo,CCU,CCU,247,No,Operational
1/14/2020,AI5664,AirAsia India,MAA,MAA,280,No,Weather
8/28/2022,AI3336,IndiGo,PNQ,PNQ,114,No,Weather
9/4/2022,AI310,GoAir,PNQ,DEL,177,No,Late Arrival
10/10/2022,AI9798,Vistara,HYD,HYD,142,No,Weather
11/1/2022,AI6691,IndiGo,CCU,DEL,193,No,Late Arrival
3/27/2020,AI1255,Air India,CCU,PNQ,92,No,Late Arrival
3/27/2024,AI8581,SpiceJet,PNQ,PNQ,256,No,Air Traffic
6/27/2022,AI9003,AirAsia India,HYD,MAA,70,No,Crew
4/9/2024,AI2853,IndiGo,MAA,BLR,292,No,Weather
8/17/2023,AI5979,IndiGo,BOM,BLR,144,No,Technical
6/20/2023,AI3488,Air India,CCU,PNQ,254,No,Air Traffic
5/1/2020,AI7102,Vistara,PNQ,BLR,11,No,Weather
3/16/2023,AI9505,IndiGo,DEL,HYD,66,No,Weather
5/9/2024,AI6851,IndiGo,CCU,BOM,234,No,Operational
1/19/2022,AI3047,Vistara,DEL,CCU,95,No,Technical
10/11/2023,AI3873,Air India,MAA,MAA,219,No,Technical
11/15/2021,AI3445,AirAsia India,CCU,BOM,3,No,Operational
10/22/2024,AI1556,AirAsia India,PNQ,BLR,48,No,Operational
7/12/2024,AI1450,IndiGo,MAA,MAA,70,No,Weather
11/4/2020,AI1768,Vistara,MAA,BOM,247,No,Crew
11/25/2021,AI9423,IndiGo,BOM,DEL,186,No,Operational
10/14/2020,AI1804,SpiceJet,CCU,BLR,243,No,Technical
11/2/2020,AI8565,AirAsia India,DEL,BOM,228,No,Technical
6/5/2024,AI3990,GoAir,DEL,HYD,103,No,Weather
7/2/2022,AI3504,SpiceJet,CCU,DEL,48,No,Crew
10/12/2024,AI8167,IndiGo,HYD,BLR,52,No,Late Arrival
10/23/2021,AI3609,Air India,BOM,CCU,273,No,Operational
7/2/2021,AI5469,AirAsia India,BOM,PNQ,20,No,Operational
10/7/2023,AI2130,GoAir,BOM,BLR,278,No,Weather
11/7/2020,AI2280,SpiceJet,DEL,HYD,127,No,Air Traffic
5/22/2022,AI8135,AirAsia India,MAA,CCU,207,No,Air Traffic
12/18/2022,AI3200,Vistara,PNQ,CCU,200,No,Crew
7/24/2024,AI2727,Air India,HYD,CCU,295,No,Technical
7/12/2022,AI4565,SpiceJet,BOM,MAA,256,No,Technical
10/3/2024,AI9928,Vistara,DEL,MAA,197,No,Late Arrival
1/24/2022,AI7849,IndiGo,DEL,PNQ,47,No,Technical
2/4/2020,AI9944,Vistara,MAA,CCU,195,No,Air Traffic
3/20/2021,AI1168,SpiceJet,CCU,PNQ,40,No,Air Traffic
4/2/2020,AI9008,SpiceJet,CCU,DEL,,Yes,
5/15/2023,AI6112,IndiGo,PNQ,CCU,77,No,Operational
12/18/2020,AI7722,Vistara,PNQ,BOM,253,No,Late Arrival
6/21/2022,AI9144,Vistara,BOM,CCU,260,No,Crew
9/17/2023,AI9687,IndiGo,PNQ,MAA,148,No,Late Arrival
5/11/2022,AI6668,Vistara,BOM,MAA,182,No,Crew
10/14/2024,AI3163,AirAsia India,HYD,BOM,41,No,Air Traffic
6/7/2020,AI8400,IndiGo,PNQ,BOM,32,No,Technical
8/14/2022,AI8053,Air India,MAA,BLR,35,No,Weather
1/24/2020,AI7347,SpiceJet,BOM,DEL,256,No,Late Arrival
2/7/2021,AI4657,Air India,MAA,DEL,232,No,Late Arrival
3/15/2022,AI4978,AirAsia India,DEL,DEL,37,No,Operational
5/30/2021,AI9055,AirAsia India,BOM,HYD,,Yes,
1/1/2022,AI3495,GoAir,DEL,MAA,155,No,Operational
10/19/2023,AI3066,GoAir,BLR,DEL,66,No,Air Traffic
11/6/2023,AI4916,GoAir,MAA,BLR,179,No,Crew
6/15/2021,AI6646,IndiGo,BLR,BLR,101,No,Weather
8/13/2022,AI4619,Vistara,BOM,DEL,73,No,Operational
5/31/2020,AI6135,AirAsia India,DEL,BOM,31,No,Operational
5/4/2024,AI6376,Air India,BOM,BLR,97,No,Technical
9/8/2024,AI5264,Air India,BLR,PNQ,9,No,Technical
8/4/2022,AI4827,Air India,BOM,BOM,,Yes,
8/30/2021,AI1241,Air India,HYD,PNQ,287,No,Air Traffic
6/28/2024,AI352,GoAir,CCU,MAA,254,No,Air Traffic
2/23/2021,AI6823,Air India,BLR,HYD,177,No,Operational
6/27/2023,AI744,Vistara,BOM,BLR,66,No,Crew
2/14/2023,AI7967,GoAir,DEL,BOM,44,No,Weather
5/15/2022,AI2419,Air India,BOM,PNQ,175,No,Operational
3/15/2024,AI4660,IndiGo,DEL,DEL,49,No,Crew
10/29/2024,AI3791,SpiceJet,CCU,PNQ,215,No,Crew
7/31/2021,AI8693,SpiceJet,BOM,PNQ,,Yes,
11/30/2020,AI3766,SpiceJet,PNQ,MAA,205,No,Operational
12/12/2023,AI4650,GoAir,PNQ,CCU,263,No,Crew
7/20/2022,AI3958,Air India,CCU,CCU,0,No,
12/2/2024,AI5724,AirAsia India,BLR,DEL,82,No,Late Arrival
10/21/2020,AI1511,AirAsia India,DEL,MAA,128,No,Crew
1/24/2022,AI1822,AirAsia India,PNQ,MAA,145,No,Operational
10/26/2023,AI8551,GoAir,HYD,MAA,103,No,Crew
7/4/2020,AI1487,Vistara,BLR,MAA,34,No,Operational
6/23/2023,AI9465,IndiGo,DEL,CCU,230,No,Technical
9/28/2021,AI3449,IndiGo,CCU,BOM,31,No,Operational
7/15/2023,AI3866,SpiceJet,PNQ,MAA,176,No,Crew
7/24/2024,AI1749,SpiceJet,MAA,BOM,284,No,Operational
6/14/2023,AI7124,AirAsia India,BOM,PNQ,270,No,Weather
6/13/2021,AI4329,AirAsia India,CCU,PNQ,46,No,Operational
4/24/2024,AI1267,SpiceJet,DEL,MAA,,Yes,
1/21/2020,AI5397,Air India,DEL,BLR,294,No,Operational
6/29/2022,AI4329,Vistara,DEL,HYD,54,No,Weather
10/26/2024,AI8949,Vistara,DEL,BLR,25,No,Weather
5/16/2022,AI8234,Vistara,BOM,PNQ,,Yes,
3/4/2022,AI5019,Vistara,BLR,HYD,58,No,Weather
3/23/2024,AI5711,SpiceJet,HYD,BLR,7,No,Air Traffic
4/9/2020,AI9244,IndiGo,MAA,MAA,203,No,Late Arrival
1/21/2022,AI4967,SpiceJet,BOM,BOM,134,No,Air Traffic
4/22/2021,AI5120,Vistara,DEL,HYD,154,No,Operational
6/10/2024,AI7625,SpiceJet,BOM,CCU,190,No,Air Traffic
8/14/2023,AI446,Vistara,CCU,DEL,46,No,Air Traffic
7/28/2022,AI3840,GoAir,HYD,HYD,293,No,Weather
6/9/2021,AI3502,AirAsia India,DEL,HYD,189,No,Weather
11/29/2020,AI4393,IndiGo,MAA,CCU,101,No,Technical
1/2/2020,AI1746,GoAir,DEL,MAA,35,No,Air Traffic
1/9/2021,AI4997,Air India,HYD,BLR,37,No,Late Arrival
10/19/2020,AI9139,SpiceJet,MAA,BLR,181,No,Operational
4/16/2022,AI5137,Air India,HYD,PNQ,244,No,Crew
10/1/2022,AI6800,SpiceJet,MAA,BOM,170,No,Late Arrival
7/6/2021,AI1208,AirAsia India,BLR,MAA,97,No,Late Arrival
11/13/2020,AI450,GoAir,PNQ,CCU,64,No,Technical
3/5/2024,AI2603,AirAsia India,BLR,MAA,86,No,Operational
1/15/2021,AI1415,Vistara,BOM,MAA,,Yes,
7/4/2024,AI3514,AirAsia India,BOM,BLR,56,No,Operational
1/14/2020,AI9112,AirAsia India,MAA,CCU,157,No,Weather
5/18/2021,AI2876,Vistara,DEL,DEL,130,No,Weather
8/18/2020,AI5818,SpiceJet,PNQ,HYD,13,No,Late Arrival
1/12/2023,AI6230,Vistara,CCU,BLR,298,No,Technical
5/9/2020,AI4947,GoAir,CCU,CCU,106,No,Operational
11/1/2024,AI9344,AirAsia India,DEL,BOM,257,No,Technical
4/17/2022,AI1313,Vistara,DEL,HYD,94,No,Crew
3/14/2023,AI7808,AirAsia India,BLR,HYD,65,No,Operational
6/9/2022,AI7167,GoAir,CCU,BLR,26,No,Weather
1/28/2020,AI9506,Air India,MAA,PNQ,113,No,Late Arrival
3/6/2020,AI7192,GoAir,HYD,BOM,142,No,Technical
4/1/2023,AI8067,IndiGo,BOM,BLR,272,No,Weather
6/6/2023,AI4383,IndiGo,HYD,MAA,23,No,Late Arrival
9/17/2020,AI3894,IndiGo,BLR,PNQ,168,No,Weather
1/12/2024,AI3265,AirAsia India,CCU,CCU,50,No,Operational
12/18/2023,AI9784,SpiceJet,PNQ,BOM,65,No,Technical
4/4/2021,AI5544,SpiceJet,DEL,HYD,269,No,Crew
8/26/2024,AI302,SpiceJet,PNQ,BLR,186,No,Air Traffic
10/27/2020,AI9127,AirAsia India,PNQ,HYD,165,No,Weather
7/7/2022,AI2756,GoAir,CCU,BOM,,Yes,
8/19/2023,AI3711,SpiceJet,MAA,HYD,,Yes,
10/13/2020,AI7246,Air India,BLR,BLR,19,No,Air Traffic
11/19/2023,AI5202,IndiGo,DEL,PNQ,264,No,Technical
10/30/2022,AI3979,GoAir,HYD,BLR,176,No,Operational
9/26/2024,AI9606,IndiGo,MAA,DEL,162,No,Weather
9/21/2021,AI2761,SpiceJet,HYD,HYD,75,No,Operational
9/26/2020,AI6465,GoAir,BOM,DEL,242,No,Crew
8/14/2021,AI9052,Vistara,BLR,PNQ,146,No,Crew
6/16/2024,AI6703,Air India,MAA,DEL,17,No,Late Arrival
12/6/2024,AI7449,SpiceJet,MAA,HYD,297,No,Late Arrival
4/23/2022,AI2079,SpiceJet,HYD,BOM,246,No,Late Arrival
5/11/2022,AI4384,Air India,DEL,MAA,250,No,Operational
10/16/2023,AI1019,Air India,BOM,PNQ,,Yes,
7/4/2023,AI2238,Vistara,HYD,BLR,18,No,Late Arrival
5/12/2020,AI6220,SpiceJet,MAA,CCU,29,No,Technical
7/23/2023,AI4779,AirAsia India,BLR,PNQ,5,No,Air Traffic
12/4/2024,AI7511,SpiceJet,MAA,DEL,166,No,Air Traffic
9/2/2024,AI2051,IndiGo,CCU,BOM,261,No,Operational
8/29/2022,AI7312,GoAir,BLR,HYD,3,No,Operational
5/27/2021,AI1796,GoAir,BLR,BOM,178,No,Late Arrival
11/8/2020,AI3546,IndiGo,MAA,BOM,149,No,Air Traffic
7/29/2021,AI9639,GoAir,DEL,HYD,217,No,Air Traffic
6/4/2022,AI5459,Air India,BLR,CCU,268,No,Late Arrival
7/31/2023,AI224,GoAir,CCU,HYD,232,No,Operational
2/18/2023,AI6720,GoAir,HYD,CCU,104,No,Crew
2/4/2023,AI3391,IndiGo,DEL,HYD,87,No,Crew
11/17/2021,AI5786,Vistara,DEL,DEL,137,No,Late Arrival
5/12/2023,AI4851,GoAir,DEL,CCU,142,No,Crew
6/13/2020,AI7281,AirAsia India,BLR,DEL,246,No,Technical
10/31/2020,AI7134,GoAir,DEL,PNQ,181,No,Technical
2/29/2024,AI519,Vistara,MAA,CCU,98,No,Technical
7/13/2024,AI3258,IndiGo,DEL,CCU,39,No,Operational
4/28/2024,AI7574,Vistara,CCU,HYD,71,No,Operational
6/4/2020,AI3251,IndiGo,BOM,CCU,,Yes,
10/22/2023,AI5364,Air India,CCU,DEL,75,No,Operational
10/8/2024,AI4646,IndiGo,BLR,PNQ,82,No,Operational
9/11/2021,AI9110,Air India,DEL,HYD,43,No,Operational
6/28/2023,AI8387,Air India,DEL,BLR,18,No,Late Arrival
8/14/2022,AI9353,IndiGo,MAA,PNQ,129,No,Crew
11/29/2020,AI9251,AirAsia India,HYD,PNQ,56,No,Late Arrival
7/23/2024,AI3777,SpiceJet,DEL,DEL,36,No,Crew
8/26/2022,AI8821,IndiGo,PNQ,PNQ,210,No,Late Arrival
5/25/2021,AI4753,GoAir,CCU,BLR,86,No,Technical
8/9/2023,AI452,AirAsia India,BLR,BOM,215,No,Weather
11/9/2022,AI2782,AirAsia India,BOM,HYD,182,No,Operational
10/8/2020,AI980,GoAir,DEL,BOM,2,No,Weather
3/7/2022,AI9015,SpiceJet,BOM,HYD,87,No,Weather
10/21/2022,AI5921,AirAsia India,DEL,PNQ,167,No,Technical
4/28/2020,AI1903,Air India,BLR,HYD,16,No,Weather
11/24/2022,AI3138,SpiceJet,HYD,DEL,83,No,Weather
7/16/2020,AI703,GoAir,CCU,BLR,159,No,Technical
4/29/2021,AI3747,SpiceJet,BLR,HYD,206,No,Crew
11/15/2024,AI8236,IndiGo,BOM,BLR,82,No,Late Arrival
12/18/2022,AI2586,SpiceJet,DEL,HYD,22,No,Air Traffic
4/16/2022,AI2118,Air India,BOM,BLR,73,No,Weather
3/30/2023,AI3454,IndiGo,CCU,BOM,255,No,Operational
10/5/2022,AI1567,Vistara,PNQ,DEL,207,No,Technical
11/21/2021,AI179,GoAir,BLR,HYD,12,No,Weather
5/14/2023,AI2072,GoAir,BOM,MAA,132,No,Air Traffic
11/1/2022,AI1732,SpiceJet,BOM,BLR,184,No,Crew
5/4/2021,AI8954,AirAsia India,CCU,BLR,270,No,Crew
10/2/2020,AI6636,IndiGo,PNQ,MAA,81,No,Air Traffic
11/23/2021,AI525,Vistara,DEL,DEL,133,No,Operational
8/29/2020,AI8373,IndiGo,PNQ,BLR,251,No,Weather
5/24/2023,AI8818,GoAir,BOM,DEL,179,No,Operational
6/28/2023,AI6818,IndiGo,CCU,BLR,222,No,Crew
5/5/2020,AI8621,Vistara,DEL,PNQ,,Yes,
8/4/2020,AI1132,AirAsia India,PNQ,CCU,139,No,Crew
8/22/2023,AI8344,SpiceJet,PNQ,PNQ,276,No,Late Arrival
12/25/2024,AI9479,Air India,PNQ,BLR,139,No,Crew
4/23/2023,AI7933,IndiGo,HYD,CCU,26,No,Technical
11/28/2022,AI5101,Air India,DEL,HYD,22,No,Late Arrival
5/31/2023,AI3344,GoAir,PNQ,DEL,225,No,Operational
4/22/2023,AI7061,SpiceJet,HYD,BLR,49,No,Crew
5/9/2021,AI4905,SpiceJet,BLR,BOM,113,No,Air Traffic
3/2/2021,AI1488,IndiGo,CCU,BOM,,Yes,
4/16/2023,AI399,AirAsia India,PNQ,MAA,282,No,Technical
7/7/2022,AI7944,SpiceJet,DEL,BOM,61,No,Late Arrival
12/22/2023,AI4455,IndiGo,HYD,CCU,87,No,Technical
8/10/2023,AI5854,IndiGo,HYD,BOM,249,No,Late Arrival
5/30/2020,AI1729,Air India,BLR,BOM,6,No,Late Arrival
1/18/2021,AI8619,SpiceJet,MAA,BOM,254,No,Late Arrival
7/19/2024,AI4218,IndiGo,CCU,BLR,125,No,Air Traffic
11/3/2020,AI2893,Air India,MAA,MAA,236,No,Operational
9/21/2023,AI6876,Vistara,DEL,DEL,75,No,Late Arrival
1/15/2022,AI6137,Air India,CCU,MAA,10,No,Late Arrival
6/10/2022,AI6171,Air India,BLR,CCU,266,No,Technical
1/9/2021,AI5181,IndiGo,DEL,BLR,55,No,Late Arrival
10/28/2022,AI5391,GoAir,CCU,HYD,263,No,Operational
9/26/2023,AI5776,GoAir,CCU,BLR,136,No,Air Traffic
5/8/2020,AI8845,AirAsia India,MAA,PNQ,239,No,Air Traffic
10/11/2022,AI5542,GoAir,DEL,BOM,228,No,Technical
12/4/2024,AI6157,Air India,BLR,BOM,66,No,Late Arrival
10/30/2021,AI7632,AirAsia India,BLR,CCU,298,No,Technical
10/7/2023,AI4734,IndiGo,DEL,HYD,179,No,Air Traffic
10/13/2023,AI1893,SpiceJet,DEL,PNQ,116,No,Operational
5/31/2021,AI329,Air India,HYD,BLR,209,No,Technical
2/27/2024,AI1209,Air India,BOM,HYD,67,No,Operational
3/26/2020,AI5616,AirAsia India,MAA,DEL,243,No,Crew
4/13/2023,AI9139,IndiGo,DEL,MAA,,Yes,
12/30/2024,AI3593,Vistara,DEL,BLR,17,No,Late Arrival
5/1/2023,AI5500,Air India,BOM,HYD,244,No,Operational
11/6/2020,AI5271,Vistara,BOM,DEL,166,No,Late Arrival
2/16/2023,AI7829,Vistara,CCU,DEL,151,No,Operational
5/26/2023,AI5409,GoAir,PNQ,PNQ,82,No,Weather
3/2/2021,AI511,IndiGo,BLR,PNQ,81,No,Weather
12/8/2023,AI6751,Vistara,MAA,MAA,144,No,Weather
4/23/2020,AI814,IndiGo,CCU,DEL,114,No,Operational
3/14/2023,AI6198,GoAir,DEL,CCU,178,No,Air Traffic
4/10/2024,AI1803,IndiGo,BOM,DEL,,Yes,
7/29/2024,AI8926,Air India,HYD,HYD,163,No,Air Traffic
10/29/2020,AI7674,Vistara,BLR,PNQ,14,No,Late Arrival
1/13/2022,AI3354,IndiGo,CCU,CCU,,Yes,
8/10/2021,AI6974,SpiceJet,HYD,PNQ,233,No,Weather
9/13/2022,AI9154,IndiGo,BLR,PNQ,270,No,Late Arrival
12/10/2020,AI8438,Vistara,PNQ,PNQ,206,No,Operational
3/24/2022,AI6299,GoAir,PNQ,DEL,202,No,Late Arrival
3/11/2022,AI9188,GoAir,HYD,BOM,107,No,Late Arrival
10/21/2022,AI7862,Vistara,BOM,DEL,19,No,Weather
3/16/2023,AI9812,Air India,CCU,PNQ,188,No,Air Traffic
8/3/2023,AI447,Air India,CCU,CCU,153,No,Technical
8/4/2024,AI2557,GoAir,PNQ,DEL,25,No,Crew
12/12/2022,AI8160,GoAir,BLR,PNQ,41,No,Operational
8/20/2023,AI216,Vistara,HYD,PNQ,,Yes,
12/28/2022,AI8553,Air India,BOM,DEL,259,No,Operational
12/26/2020,AI6029,GoAir,DEL,DEL,234,No,Operational
6/13/2024,AI7848,Air India,CCU,CCU,101,No,Crew
5/28/2023,AI402,GoAir,DEL,DEL,1,No,Technical
10/6/2022,AI2166,IndiGo,BOM,MAA,227,No,Air Traffic
12/4/2021,AI4771,SpiceJet,PNQ,HYD,152,No,Late Arrival
7/28/2021,AI1728,AirAsia India,CCU,MAA,74,No,Air Traffic
5/27/2024,AI4542,IndiGo,CCU,CCU,8,No,Operational
3/30/2023,AI5800,AirAsia India,HYD,BOM,150,No,Late Arrival
8/31/2024,AI9750,GoAir,DEL,MAA,189,No,Weather
1/17/2023,AI1274,SpiceJet,PNQ,PNQ,183,No,Air Traffic
11/18/2021,AI8131,SpiceJet,HYD,HYD,193,No,Weather
2/19/2022,AI7310,GoAir,MAA,BLR,129,No,Weather
8/7/2021,AI1947,GoAir,DEL,HYD,157,No,Air Traffic
11/15/2024,AI3387,Air India,DEL,MAA,26,No,Operational
8/11/2021,AI9690,GoAir,MAA,BLR,148,No,Crew
3/28/2023,AI675,Vistara,BOM,CCU,10,No,Operational
5/3/2021,AI7927,GoAir,BOM,HYD,297,No,Weather
8/28/2022,AI9063,Vistara,CCU,BOM,,Yes,
9/9/2023,AI1148,GoAir,BLR,BLR,192,No,Weather
6/21/2024,AI809,Air India,HYD,BLR,138,No,Operational
11/5/2023,AI7511,Vistara,BLR,HYD,156,No,Crew
1/30/2023,AI2379,IndiGo,CCU,MAA,268,No,Crew
5/8/2021,AI9871,Vistara,BLR,BLR,299,No,Late Arrival
7/25/2024,AI6939,Air India,DEL,CCU,,Yes,
6/25/2024,AI2781,AirAsia India,DEL,HYD,242,No,Technical
1/19/2020,AI3242,Vistara,MAA,CCU,148,No,Weather
1/17/2024,AI1437,GoAir,MAA,HYD,182,No,Crew
2/14/2024,AI1401,GoAir,CCU,CCU,259,No,Air Traffic
6/5/2024,AI7684,AirAsia India,CCU,MAA,232,No,Weather
1/31/2021,AI962,Air India,PNQ,HYD,265,No,Technical
9/27/2022,AI9707,SpiceJet,CCU,PNQ,57,No,Air Traffic
7/26/2023,AI1950,GoAir,DEL,BOM,180,No,Weather
4/30/2022,AI8376,IndiGo,BLR,MAA,267,No,Crew
10/20/2023,AI1161,Air India,HYD,CCU,201,No,Late Arrival
9/16/2023,AI3648,Vistara,PNQ,HYD,32,No,Operational
7/22/2024,AI4887,Vistara,PNQ,MAA,,Yes,
9/29/2023,AI6265,IndiGo,PNQ,CCU,199,No,Air Traffic
4/1/2022,AI2743,GoAir,CCU,DEL,47,No,Operational
3/30/2021,AI5385,Air India,CCU,DEL,93,No,Crew
6/12/2024,AI1227,IndiGo,DEL,BLR,49,No,Crew
12/25/2021,AI3632,GoAir,HYD,BOM,85,No,Air Traffic
8/5/2024,AI2093,Air India,DEL,DEL,65,No,Technical
12/24/2022,AI7193,Vistara,HYD,PNQ,106,No,Air Traffic
1/4/2023,AI1545,Air India,DEL,CCU,270,No,Weather
12/11/2021,AI2938,AirAsia India,BLR,MAA,86,No,Technical
5/22/2020,AI7790,SpiceJet,CCU,HYD,242,No,Operational
7/5/2022,AI5692,Air India,BOM,MAA,122,No,Weather
4/7/2022,AI4309,SpiceJet,BOM,BLR,171,No,Technical
8/27/2021,AI2559,Air India,CCU,MAA,14,No,Operational
2/5/2024,AI5803,SpiceJet,PNQ,DEL,32,No,Weather
12/11/2023,AI5259,AirAsia India,CCU,MAA,234,No,Late Arrival
10/31/2020,AI9063,Vistara,CCU,DEL,48,No,Air Traffic
1/5/2022,AI3193,GoAir,CCU,DEL,224,No,Air Traffic
2/29/2024,AI253,SpiceJet,PNQ,BOM,52,No,Air Traffic
10/17/2020,AI4791,AirAsia India,HYD,BLR,92,No,Late Arrival
4/11/2020,AI8112,SpiceJet,BLR,PNQ,234,No,Technical
7/14/2023,AI7151,Vistara,BOM,PNQ,169,No,Crew
5/16/2022,AI7322,SpiceJet,MAA,CCU,68,No,Weather
8/25/2022,AI5405,AirAsia India,BOM,PNQ,59,No,Technical
7/3/2024,AI1697,AirAsia India,BOM,DEL,254,No,Crew
8/31/2022,AI773,IndiGo,PNQ,HYD,176,No,Air Traffic
4/21/2022,AI8063,Vistara,DEL,BLR,115,No,Air Traffic
8/19/2022,AI2294,IndiGo,CCU,CCU,147,No,Air Traffic
7/30/2022,AI4225,Vistara,CCU,PNQ,21,No,Crew
12/5/2024,AI6428,SpiceJet,CCU,PNQ,115,No,Weather
10/23/2022,AI1168,AirAsia India,DEL,HYD,262,No,Weather
3/25/2020,AI2475,IndiGo,PNQ,MAA,28,No,Crew
12/22/2024,AI5617,SpiceJet,BLR,BLR,282,No,Operational
11/23/2020,AI3419,AirAsia India,BLR,HYD,2,No,Air Traffic
3/26/2022,AI8633,Vistara,PNQ,PNQ,228,No,Technical
1/13/2024,AI8491,AirAsia India,MAA,BLR,152,No,Weather
3/29/2021,AI3641,SpiceJet,BLR,BLR,32,No,Crew
9/20/2021,AI6178,IndiGo,PNQ,PNQ,75,No,Operational
5/29/2023,AI2150,IndiGo,BLR,MAA,280,No,Late Arrival
3/23/2023,AI5016,AirAsia India,CCU,MAA,299,No,Crew
10/26/2021,AI3166,SpiceJet,HYD,PNQ,27,No,Operational
1/12/2020,AI6909,Air India,PNQ,BLR,103,No,Late Arrival
3/2/2023,AI5692,Vistara,BOM,HYD,86,No,Operational
10/30/2020,AI1986,Vistara,BLR,BOM,108,No,Weather
8/9/2023,AI6331,SpiceJet,BLR,DEL,130,No,Crew
9/1/2022,AI3517,Air India,DEL,MAA,2,No,Late Arrival
8/16/2023,AI7829,IndiGo,MAA,PNQ,127,No,Operational
10/29/2024,AI812,GoAir,HYD,BOM,199,No,Late Arrival
2/21/2022,AI1808,GoAir,DEL,MAA,150,No,Technical
2/12/2020,AI1056,SpiceJet,CCU,BLR,212,No,Crew
8/1/2022,AI2423,Air India,BOM,PNQ,15,No,Weather
12/8/2020,AI5176,Air India,MAA,BOM,80,No,Late Arrival
9/11/2023,AI302,Vistara,DEL,PNQ,109,No,Air Traffic
5/12/2021,AI8800,IndiGo,PNQ,HYD,286,No,Operational
12/29/2020,AI6582,AirAsia India,BLR,HYD,82,No,Air Traffic
6/9/2022,AI2610,Air India,BLR,CCU,63,No,Late Arrival
3/2/2021,AI9941,AirAsia India,MAA,DEL,253,No,Air Traffic
10/1/2022,AI4140,GoAir,BLR,DEL,151,No,Operational
1/21/2020,AI6370,AirAsia India,PNQ,MAA,139,No,Late Arrival
2/10/2021,AI2577,IndiGo,DEL,DEL,121,No,Weather
9/10/2021,AI860,IndiGo,DEL,PNQ,245,No,Weather
10/11/2022,AI9821,AirAsia India,BLR,PNQ,227,No,Crew
12/1/2020,AI3169,SpiceJet,BLR,CCU,210,No,Weather
2/14/2023,AI2730,Air India,CCU,HYD,226,No,Late Arrival
2/21/2023,AI6545,SpiceJet,BOM,BOM,94,No,Late Arrival
2/2/2021,AI2063,AirAsia India,MAA,BOM,64,No,Weather
3/3/2022,AI3694,Air India,DEL,HYD,,Yes,
12/15/2021,AI6836,Vistara,MAA,BLR,41,No,Technical
2/20/2020,AI5031,SpiceJet,CCU,HYD,1,No,Late Arrival
12/11/2024,AI4845,SpiceJet,DEL,BOM,53,No,Crew
11/19/2020,AI2377,AirAsia India,CCU,MAA,129,No,Technical
2/27/2022,AI6870,GoAir,CCU,CCU,15,No,Weather
5/20/2020,AI7701,AirAsia India,HYD,HYD,48,No,Operational
4/14/2021,AI1764,SpiceJet,BLR,BLR,215,No,Late Arrival
2/25/2022,AI7251,Air India,PNQ,MAA,255,No,Operational
12/30/2024,AI7226,GoAir,HYD,HYD,214,No,Air Traffic
9/19/2023,AI7745,AirAsia India,MAA,MAA,169,No,Crew
8/21/2022,AI3343,AirAsia India,PNQ,HYD,2,No,Technical
10/4/2022,AI1425,SpiceJet,MAA,MAA,107,No,Operational
1/7/2021,AI5659,SpiceJet,BLR,PNQ,261,No,Crew
5/6/2024,AI6977,Vistara,PNQ,DEL,220,No,Operational
5/8/2021,AI4973,AirAsia India,HYD,MAA,262,No,Operational
4/11/2024,AI3183,SpiceJet,MAA,PNQ,191,No,Crew
8/19/2024,AI5602,IndiGo,HYD,DEL,,Yes,
1/20/2022,AI498,GoAir,BLR,BOM,268,No,Late Arrival
3/25/2023,AI823,IndiGo,PNQ,DEL,167,No,Operational
10/17/2020,AI6483,GoAir,PNQ,MAA,164,No,Crew
7/29/2024,AI4780,AirAsia India,DEL,CCU,274,No,Operational
3/13/2023,AI6621,Vistara,CCU,CCU,73,No,Late Arrival
4/15/2020,AI1535,SpiceJet,CCU,BOM,247,No,Crew
12/14/2023,AI8943,SpiceJet,HYD,MAA,286,No,Operational
10/31/2021,AI8887,SpiceJet,PNQ,DEL,,Yes,
8/8/2024,AI2890,AirAsia India,MAA,CCU,96,No,Weather
1/2/2020,AI1402,GoAir,HYD,HYD,202,No,Late Arrival
8/11/2021,AI2399,SpiceJet,HYD,BLR,207,No,Operational
10/5/2021,AI2146,IndiGo,BOM,MAA,104,No,Technical
3/30/2020,AI5694,SpiceJet,PNQ,PNQ,,Yes,
9/30/2023,AI1309,AirAsia India,CCU,PNQ,286,No,Crew
12/15/2020,AI138,Vistara,PNQ,HYD,10,No,Operational
1/22/2024,AI2190,IndiGo,BLR,HYD,187,No,Late Arrival
7/10/2023,AI3571,SpiceJet,HYD,MAA,140,No,Late Arrival
10/6/2023,AI2472,SpiceJet,BOM,BLR,79,No,Technical
2/5/2023,AI5340,Air India,BOM,CCU,286,No,Technical
5/28/2024,AI9436,GoAir,CCU,BLR,199,No,Air Traffic
11/28/2022,AI2553,IndiGo,CCU,BOM,285,No,Air Traffic
6/27/2022,AI4291,Air India,CCU,DEL,123,No,Operational
6/7/2020,AI9804,Vistara,BLR,DEL,252,No,Weather
5/25/2024,AI539,GoAir,BOM,HYD,202,No,Late Arrival
8/16/2022,AI6367,IndiGo,MAA,CCU,,Yes,
11/7/2020,AI1172,SpiceJet,BLR,BLR,35,No,Weather
6/18/2023,AI5333,IndiGo,DEL,HYD,175,No,Weather
3/20/2021,AI9143,SpiceJet,HYD,MAA,214,No,Operational
10/24/2020,AI314,GoAir,CCU,HYD,78,No,Crew
8/9/2022,AI2740,SpiceJet,BOM,MAA,20,No,Crew
2/5/2020,AI8984,Vistara,HYD,MAA,195,No,Crew
1/12/2023,AI8058,AirAsia India,PNQ,BOM,200,No,Technical
1/15/2024,AI6021,SpiceJet,BLR,BOM,68,No,Late Arrival
12/3/2024,AI4770,Vistara,DEL,MAA,113,No,Technical
11/9/2023,AI8839,AirAsia India,PNQ,CCU,85,No,Late Arrival
4/10/2023,AI4252,GoAir,BLR,BOM,28,No,Air Traffic
10/31/2023,AI9669,GoAir,BLR,BOM,166,No,Late Arrival
9/4/2024,AI7237,IndiGo,MAA,DEL,,Yes,
10/17/2023,AI2495,Vistara,HYD,HYD,199,No,Late Arrival
7/12/2021,AI7313,Vistara,MAA,DEL,39,No,Operational
6/9/2022,AI5060,Air India,BLR,CCU,112,No,Crew
5/20/2020,AI2279,Air India,DEL,BOM,216,No,Technical
6/5/2022,AI8179,AirAsia India,BOM,PNQ,47,No,Air Traffic
2/15/2023,AI9311,AirAsia India,BOM,BOM,214,No,Technical
7/24/2023,AI6422,Air India,PNQ,BLR,179,No,Operational
12/26/2021,AI4259,AirAsia India,HYD,CCU,70,No,Late Arrival
5/28/2023,AI1109,SpiceJet,CCU,PNQ,271,No,Air Traffic
11/15/2022,AI9903,Air India,CCU,HYD,267,No,Crew
6/4/2021,AI6846,Vistara,BOM,HYD,212,No,Weather
12/11/2024,AI1637,SpiceJet,BLR,PNQ,78,No,Weather
1/10/2020,AI6492,AirAsia India,BLR,HYD,3,No,Operational
9/10/2022,AI5713,GoAir,MAA,PNQ,135,No,Crew
1/12/2021,AI3017,IndiGo,HYD,CCU,,Yes,
7/14/2024,AI1053,Air India,MAA,PNQ,,Yes,
7/18/2024,AI4805,GoAir,CCU,PNQ,284,No,Weather
11/12/2021,AI1659,AirAsia India,BOM,BLR,96,No,Weather
8/6/2021,AI2989,Vistara,PNQ,BLR,156,No,Air Traffic
5/31/2020,AI6562,IndiGo,BLR,DEL,46,No,Air Traffic
12/20/2021,AI6475,GoAir,BOM,CCU,153,No,Technical
12/8/2022,AI160,IndiGo,DEL,CCU,131,No,Crew
3/23/2023,AI5489,Air India,BOM,BLR,298,No,Weather
5/8/2022,AI2664,AirAsia India,DEL,MAA,52,No,Air Traffic
8/9/2023,AI7374,Vistara,MAA,MAA,250,No,Air Traffic
5/22/2024,AI1046,AirAsia India,MAA,DEL,224,No,Air Traffic
2/19/2020,AI548,IndiGo,CCU,MAA,255,No,Technical
10/25/2021,AI445,GoAir,BOM,MAA,206,No,Crew
6/14/2021,AI2264,Air India,BOM,MAA,134,No,Late Arrival
6/23/2024,AI8565,Air India,DEL,BOM,116,No,Air Traffic
12/19/2022,AI991,AirAsia India,MAA,DEL,298,No,Crew
4/5/2023,AI2380,GoAir,DEL,BLR,100,No,Operational
5/10/2023,AI3195,GoAir,MAA,MAA,275,No,Technical
5/6/2022,AI8803,IndiGo,DEL,HYD,233,No,Late Arrival
5/25/2020,AI2535,AirAsia India,MAA,PNQ,40,No,Air Traffic
7/3/2022,AI2780,AirAsia India,DEL,BOM,111,No,Air Traffic
8/26/2024,AI3653,SpiceJet,PNQ,MAA,2,No,Technical
9/19/2022,AI5861,AirAsia India,MAA,PNQ,212,No,Technical
1/2/2024,AI2109,Air India,HYD,PNQ,156,No,Weather
8/29/2020,AI585,IndiGo,DEL,BOM,,Yes,
8/3/2021,AI191,GoAir,BOM,DEL,197,No,Air Traffic
11/17/2021,AI1114,AirAsia India,CCU,HYD,262,No,Crew
5/3/2024,AI8236,IndiGo,HYD,HYD,202,No,Technical
4/27/2021,AI4565,AirAsia India,HYD,HYD,116,No,Technical
2/5/2023,AI1797,GoAir,DEL,MAA,208,No,Operational
6/3/2023,AI8875,Vistara,CCU,BOM,,Yes,
11/3/2021,AI8563,GoAir,BOM,HYD,63,No,Operational
9/22/2021,AI409,GoAir,HYD,PNQ,91,No,Operational
10/22/2021,AI521,GoAir,BOM,PNQ,209,No,Technical
10/23/2021,AI7085,AirAsia India,MAA,CCU,175,No,Late Arrival
12/26/2023,AI6776,SpiceJet,PNQ,CCU,212,No,Crew
3/15/2022,AI7281,GoAir,CCU,BOM,151,No,Technical
8/5/2024,AI4206,Air India,PNQ,MAA,111,No,Weather
2/22/2021,AI8799,Air India,BLR,MAA,131,No,Air Traffic
9/14/2022,AI5107,IndiGo,MAA,DEL,89,No,Late Arrival
1/18/2024,AI9239,SpiceJet,CCU,DEL,3,No,Late Arrival
3/29/2023,AI6250,IndiGo,DEL,HYD,195,No,Crew
3/26/2024,AI454,Air India,PNQ,BLR,79,No,Late Arrival
10/11/2021,AI1588,Air India,DEL,PNQ,224,No,Crew
8/26/2022,AI6477,Vistara,BOM,DEL,22,No,Late Arrival
8/12/2021,AI2479,GoAir,HYD,MAA,280,No,Air Traffic
1/5/2023,AI1571,Air India,PNQ,PNQ,208,No,Crew
5/23/2021,AI6923,AirAsia India,BLR,BLR,275,No,Operational
3/16/2021,AI4022,AirAsia India,DEL,DEL,207,No,Operational
7/1/2023,AI4383,IndiGo,CCU,BOM,48,No,Late Arrival
7/9/2022,AI9790,IndiGo,PNQ,CCU,289,No,Late Arrival
2/8/2022,AI621,GoAir,PNQ,DEL,180,No,Crew
9/5/2023,AI9011,GoAir,HYD,DEL,128,No,Crew
12/31/2024,AI8975,Vistara,HYD,BOM,17,No,Air Traffic
9/19/2020,AI2986,SpiceJet,CCU,MAA,11,No,Technical
6/8/2024,AI5422,IndiGo,HYD,HYD,282,No,Operational
8/8/2024,AI6988,GoAir,DEL,BOM,161,No,Technical
4/26/2024,AI6756,IndiGo,CCU,HYD,51,No,Technical
10/29/2023,AI1696,GoAir,CCU,DEL,65,No,Weather
9/28/2021,AI9402,Air India,BOM,MAA,112,No,Crew
4/5/2023,AI3270,IndiGo,BLR,BLR,166,No,Weather
11/11/2024,AI1376,Air India,PNQ,DEL,133,No,Weather
4/3/2021,AI4603,IndiGo,BOM,BOM,229,No,Technical
9/25/2022,AI5578,SpiceJet,BLR,BLR,201,No,Weather
7/27/2023,AI7413,Vistara,CCU,CCU,30,No,Air Traffic
11/30/2021,AI9355,AirAsia India,PNQ,BLR,138,No,Crew
10/28/2020,AI9528,AirAsia India,HYD,BOM,95,No,Technical
4/3/2024,AI1524,AirAsia India,BLR,PNQ,153,No,Crew
5/22/2024,AI2556,Air India,CCU,BLR,53,No,Air Traffic
5/26/2023,AI2066,GoAir,CCU,BOM,202,No,Late Arrival
1/30/2023,AI2208,AirAsia India,BOM,PNQ,182,No,Weather
7/7/2021,AI2959,SpiceJet,BOM,DEL,45,No,Technical
10/14/2020,AI2255,AirAsia India,HYD,PNQ,258,No,Operational
4/5/2023,AI4494,IndiGo,MAA,MAA,50,No,Crew
9/12/2021,AI6052,Air India,DEL,CCU,26,No,Air Traffic
10/2/2022,AI1035,IndiGo,MAA,PNQ,28,No,Weather
2/5/2020,AI1813,IndiGo,MAA,MAA,8,No,Crew
1/13/2022,AI7541,IndiGo,PNQ,MAA,221,No,Air Traffic
10/30/2024,AI7565,Vistara,PNQ,MAA,104,No,Crew
12/18/2020,AI4311,Vistara,HYD,PNQ,21,No,Late Arrival
8/26/2024,AI4228,GoAir,PNQ,BOM,28,No,Air Traffic
3/13/2020,AI5231,Air India,BLR,BOM,149,No,Crew
10/9/2021,AI4101,SpiceJet,HYD,CCU,276,No,Late Arrival
10/8/2023,AI4602,SpiceJet,HYD,BOM,190,No,Late Arrival
12/29/2022,AI5301,SpiceJet,CCU,HYD,296,No,Late Arrival
2/28/2021,AI7884,IndiGo,CCU,BOM,2,No,Weather
9/25/2022,AI6555,Vistara,CCU,BOM,130,No,Air Traffic
12/8/2021,AI9173,Air India,DEL,BOM,29,No,Crew
12/9/2024,AI8408,IndiGo,BLR,DEL,293,No,Crew
7/14/2021,AI1607,Vistara,BLR,CCU,200,No,Air Traffic
4/7/2022,AI235,Vistara,CCU,HYD,177,No,Late Arrival
7/23/2024,AI1686,AirAsia India,MAA,BOM,186,No,Crew
8/13/2022,AI700,AirAsia India,DEL,CCU,104,No,Crew
5/31/2021,AI8411,Air India,MAA,BLR,253,No,Late Arrival
3/3/2021,AI7263,Air India,BOM,DEL,197,No,Operational
4/11/2024,AI8204,Air India,BLR,PNQ,121,No,Operational
6/8/2020,AI2803,IndiGo,BLR,BOM,238,No,Late Arrival
5/28/2020,AI9575,GoAir,MAA,HYD,229,No,Weather
2/14/2022,AI7823,Air India,DEL,DEL,267,No,Crew
6/7/2023,AI2795,AirAsia India,BLR,HYD,133,No,Crew
10/1/2024,AI5909,GoAir,MAA,PNQ,100,No,Operational
5/4/2024,AI850,IndiGo,HYD,PNQ,244,No,Late Arrival
3/7/2020,AI2041,GoAir,HYD,DEL,280,No,Air Traffic
10/10/2022,AI8117,SpiceJet,PNQ,BLR,289,No,Air Traffic
1/15/2021,AI7014,GoAir,DEL,CCU,186,No,Weather
2/27/2020,AI5134,Air India,MAA,DEL,,Yes,
7/6/2023,AI7277,IndiGo,PNQ,MAA,21,No,Late Arrival
12/7/2020,AI8274,Air India,HYD,PNQ,196,No,Operational
2/27/2023,AI7344,AirAsia India,DEL,BLR,60,No,Operational
12/27/2021,AI5456,SpiceJet,PNQ,PNQ,257,No,Crew
4/10/2023,AI9364,AirAsia India,CCU,MAA,238,No,Technical
2/8/2022,AI9202,Air India,DEL,BLR,223,No,Weather
9/5/2021,AI4889,Air India,BOM,PNQ,16,No,Weather
5/17/2023,AI181,Air India,CCU,MAA,128,No,Technical
12/31/2024,AI4983,Vistara,PNQ,MAA,143,No,Air Traffic
12/19/2020,AI6310,SpiceJet,MAA,PNQ,130,No,Air Traffic
2/3/2024,AI4021,Air India,CCU,PNQ,67,No,Air Traffic
12/26/2024,AI7718,Air India,CCU,HYD,82,No,Operational
4/25/2020,AI331,AirAsia India,PNQ,DEL,173,No,Late Arrival
7/11/2023,AI5161,AirAsia India,MAA,DEL,98,No,Weather
10/23/2021,AI7254,Air India,MAA,BLR,296,No,Technical
1/5/2024,AI2381,IndiGo,HYD,CCU,166,No,Crew
4/20/2024,AI5311,Vistara,BOM,PNQ,226,No,Crew
3/28/2021,AI3487,AirAsia India,MAA,HYD,137,No,Operational
2/9/2024,AI4463,IndiGo,BLR,DEL,7,No,Weather
10/13/2020,AI3945,Vistara,BLR,DEL,10,No,Late Arrival
8/19/2023,AI3084,Air India,BOM,HYD,0,No,
10/13/2022,AI1755,SpiceJet,DEL,BOM,229,No,Weather
11/6/2020,AI5356,GoAir,PNQ,HYD,142,No,Air Traffic
7/26/2020,AI3307,GoAir,DEL,DEL,205,No,Crew
9/9/2021,AI6917,Air India,BLR,CCU,42,No,Weather
3/21/2021,AI5523,AirAsia India,MAA,BOM,133,No,Crew
10/31/2021,AI7192,IndiGo,BOM,MAA,2,No,Technical
9/24/2021,AI8089,SpiceJet,DEL,HYD,183,No,Technical
2/24/2020,AI7317,Vistara,DEL,MAA,225,No,Crew
6/30/2022,AI6051,Air India,PNQ,BOM,79,No,Late Arrival
11/1/2022,AI1983,SpiceJet,CCU,BOM,175,No,Late Arrival
10/18/2021,AI7141,SpiceJet,BLR,BOM,133,No,Weather
11/24/2023,AI3243,AirAsia India,MAA,BLR,212,No,Crew
7/29/2024,AI9176,Vistara,BOM,HYD,166,No,Operational
9/6/2022,AI6043,SpiceJet,DEL,PNQ,21,No,Late Arrival
5/29/2021,AI9664,AirAsia India,PNQ,CCU,76,No,Late Arrival
8/6/2024,AI8357,IndiGo,CCU,CCU,88,No,Air Traffic
4/14/2024,AI8785,AirAsia India,BLR,MAA,60,No,Technical
8/24/2020,AI5061,IndiGo,BLR,MAA,166,No,Late Arrival
7/26/2023,AI3635,IndiGo,PNQ,PNQ,286,No,Late Arrival
12/13/2020,AI2048,SpiceJet,BOM,MAA,178,No,Air Traffic
9/18/2021,AI9273,AirAsia India,DEL,HYD,207,No,Late Arrival
2/1/2023,AI5143,IndiGo,BOM,DEL,72,No,Air Traffic
9/21/2021,AI2051,Vistara,PNQ,MAA,,Yes,
3/20/2024,AI4707,SpiceJet,PNQ,BOM,96,No,Crew
6/25/2023,AI5807,AirAsia India,BOM,MAA,150,No,Crew
12/29/2020,AI9171,AirAsia India,HYD,BOM,277,No,Technical
11/16/2020,AI9075,GoAir,CCU,BLR,93,No,Weather
7/14/2024,AI4793,AirAsia India,BLR,DEL,191,No,Air Traffic
10/12/2020,AI3599,SpiceJet,HYD,DEL,247,No,Late Arrival
5/28/2020,AI972,Vistara,MAA,PNQ,29,No,Weather
1/12/2023,AI6662,AirAsia India,BLR,HYD,198,No,Crew
2/9/2021,AI2717,GoAir,BLR,HYD,154,No,Late Arrival
9/4/2022,AI5516,SpiceJet,CCU,CCU,171,No,Weather
3/31/2021,AI4773,IndiGo,MAA,BLR,76,No,Air Traffic
11/1/2024,AI2218,Air India,DEL,PNQ,231,No,Air Traffic
3/10/2022,AI6510,Air India,MAA,HYD,79,No,Weather
3/30/2023,AI3642,IndiGo,DEL,BOM,203,No,Air Traffic
10/9/2022,AI2224,AirAsia India,MAA,BLR,177,No,Operational
2/22/2022,AI9345,Air India,BOM,DEL,254,No,Crew
4/4/2021,AI6689,Air India,PNQ,BOM,197,No,Technical
4/22/2024,AI8184,IndiGo,MAA,PNQ,4,No,Technical
3/3/2024,AI6583,AirAsia India,HYD,PNQ,84,No,Operational
1/7/2022,AI4121,AirAsia India,HYD,BLR,62,No,Weather
5/23/2021,AI9530,IndiGo,CCU,DEL,220,No,Air Traffic
8/4/2024,AI5574,AirAsia India,PNQ,HYD,297,No,Operational
4/25/2021,AI5153,AirAsia India,PNQ,BOM,171,No,Operational
8/13/2024,AI9981,SpiceJet,DEL,BOM,264,No,Air Traffic
4/23/2020,AI1610,SpiceJet,BLR,DEL,22,No,Crew
1/18/2022,AI5144,IndiGo,CCU,BOM,175,No,Air Traffic
5/20/2024,AI5669,Vistara,HYD,HYD,209,No,Air Traffic
12/26/2020,AI7223,Air India,HYD,HYD,98,No,Late Arrival
12/6/2020,AI3610,SpiceJet,DEL,HYD,238,No,Weather
2/8/2022,AI1787,Air India,HYD,DEL,89,No,Technical
1/30/2022,AI5606,GoAir,HYD,MAA,59,No,Technical
8/26/2022,AI9842,IndiGo,DEL,MAA,143,No,Operational
3/24/2021,AI3992,Vistara,HYD,PNQ,23,No,Operational
4/14/2022,AI6621,GoAir,BLR,PNQ,48,No,Operational
4/18/2023,AI9694,GoAir,BOM,BOM,168,No,Weather
9/21/2024,AI471,AirAsia India,CCU,HYD,73,No,Operational
12/1/2023,AI580,GoAir,BLR,BOM,131,No,Operational
8/16/2024,AI2281,IndiGo,BLR,DEL,37,No,Late Arrival
5/4/2023,AI1397,SpiceJet,BOM,BOM,277,No,Weather
1/29/2024,AI9162,IndiGo,PNQ,CCU,157,No,Crew
11/6/2020,AI8214,SpiceJet,CCU,MAA,126,No,Crew
9/18/2020,AI1327,GoAir,BLR,BOM,39,No,Air Traffic
12/13/2023,AI5759,GoAir,HYD,BOM,182,No,Late Arrival
2/9/2021,AI2139,Vistara,BOM,BLR,213,No,Technical
5/22/2020,AI9630,SpiceJet,PNQ,BOM,287,No,Air Traffic
12/7/2020,AI5320,GoAir,CCU,CCU,184,No,Crew
9/1/2023,AI6064,AirAsia India,MAA,MAA,273,No,Weather
1/29/2023,AI5634,Air India,DEL,BLR,95,No,Technical
8/31/2020,AI2616,Vistara,HYD,DEL,265,No,Operational
5/4/2021,AI9587,IndiGo,BOM,PNQ,283,No,Weather
1/12/2020,AI538,Vistara,DEL,DEL,229,No,Technical
6/16/2023,AI9421,Air India,PNQ,MAA,57,No,Crew
7/14/2021,AI3743,SpiceJet,PNQ,PNQ,288,No,Air Traffic
2/11/2020,AI237,IndiGo,MAA,DEL,99,No,Operational
11/8/2021,AI4897,IndiGo,BLR,CCU,185,No,Operational
8/16/2021,AI6952,SpiceJet,BLR,BOM,21,No,Weather
12/23/2023,AI909,Vistara,CCU,MAA,205,No,Air Traffic
12/31/2024,AI2400,GoAir,BOM,PNQ,294,No,Operational
3/27/2023,AI487,Vistara,BOM,BLR,61,No,Technical
5/24/2023,AI9772,Air India,PNQ,BOM,76,No,Late Arrival
8/20/2024,AI8802,AirAsia India,CCU,DEL,54,No,Crew
1/25/2024,AI9479,GoAir,DEL,DEL,180,No,Weather
5/13/2020,AI2761,Vistara,BLR,BLR,117,No,Air Traffic
12/26/2022,AI8964,AirAsia India,BLR,CCU,,Yes,
10/27/2022,AI5913,AirAsia India,PNQ,BLR,24,No,Late Arrival
8/5/2022,AI662,SpiceJet,BOM,MAA,204,No,Late Arrival
3/29/2024,AI2026,Air India,PNQ,BLR,300,No,Weather
3/13/2020,AI7136,Air India,BOM,DEL,81,No,Technical
2/2/2021,AI1839,Air India,CCU,CCU,149,No,Air Traffic
11/29/2023,AI2043,GoAir,MAA,CCU,69,No,Crew
8/25/2024,AI7116,IndiGo,DEL,HYD,27,No,Weather
7/31/2021,AI3277,GoAir,HYD,BLR,,Yes,
5/8/2022,AI2761,Vistara,MAA,MAA,135,No,Air Traffic
5/9/2020,AI5057,AirAsia India,MAA,DEL,260,No,Late Arrival
7/19/2022,AI2092,AirAsia India,BOM,BOM,261,No,Late Arrival
1/29/2024,AI4628,IndiGo,BOM,CCU,97,No,Weather
5/14/2023,AI9114,Vistara,BOM,BLR,43,No,Air Traffic
12/16/2024,AI4609,IndiGo,MAA,HYD,281,No,Late Arrival
11/26/2024,AI810,AirAsia India,PNQ,MAA,90,No,Weather
9/22/2020,AI355,GoAir,DEL,MAA,82,No,Weather
4/9/2024,AI6882,Air India,PNQ,PNQ,223,No,Crew
3/3/2022,AI8877,AirAsia India,BOM,DEL,95,No,Weather
9/9/2020,AI9848,SpiceJet,BLR,CCU,226,No,Air Traffic
4/1/2022,AI7761,Air India,PNQ,DEL,169,No,Air Traffic
8/5/2023,AI3679,AirAsia India,DEL,HYD,10,No,Late Arrival
6/12/2020,AI7965,GoAir,BLR,BOM,151,No,Operational
4/4/2020,AI7715,IndiGo,DEL,BOM,57,No,Crew
12/10/2024,AI6769,Air India,BOM,BOM,126,No,Air Traffic
4/12/2022,AI1161,GoAir,PNQ,MAA,200,No,Late Arrival
2/7/2023,AI2694,Vistara,HYD,CCU,110,No,Late Arrival
12/1/2020,AI9116,SpiceJet,CCU,DEL,247,No,Crew
4/1/2022,AI7536,Air India,BOM,DEL,235,No,Crew
8/25/2020,AI5098,IndiGo,MAA,HYD,165,No,Late Arrival
1/15/2021,AI9034,Vistara,HYD,BOM,144,No,Operational
12/30/2023,AI9295,GoAir,MAA,CCU,4,No,Technical
6/17/2022,AI4586,SpiceJet,DEL,CCU,90,No,Late Arrival
4/27/2021,AI7634,IndiGo,MAA,HYD,89,No,Crew
6/20/2022,AI2778,GoAir,HYD,BLR,31,No,Weather
11/14/2022,AI1812,GoAir,HYD,CCU,,Yes,
8/3/2024,AI564,Air India,BOM,CCU,103,No,Weather
2/14/2023,AI8538,Air India,BLR,DEL,297,No,Crew
4/26/2021,AI8572,IndiGo,BOM,HYD,196,No,Crew
11/16/2023,AI7350,AirAsia India,DEL,CCU,47,No,Technical
7/5/2022,AI2085,AirAsia India,MAA,CCU,226,No,Air Traffic
9/20/2022,AI3621,GoAir,BLR,DEL,106,No,Crew
8/21/2022,AI3192,Air India,PNQ,CCU,45,No,Weather
6/20/2021,AI4419,SpiceJet,CCU,DEL,163,No,Operational
1/7/2023,AI1446,SpiceJet,HYD,BLR,75,No,Crew
5/22/2024,AI3770,GoAir,BLR,MAA,117,No,Technical
4/11/2023,AI6696,Air India,PNQ,PNQ,60,No,Operational
11/1/2022,AI5490,IndiGo,BLR,DEL,64,No,Technical
12/28/2024,AI2440,IndiGo,BOM,DEL,175,No,Operational
5/7/2020,AI785,IndiGo,PNQ,CCU,254,No,Crew
6/19/2024,AI2416,SpiceJet,CCU,DEL,191,No,Weather
4/1/2020,AI4117,Air India,HYD,HYD,42,No,Operational
8/3/2024,AI3142,Air India,DEL,BOM,268,No,Late Arrival
6/26/2021,AI5418,SpiceJet,DEL,BOM,78,No,Air Traffic
4/25/2022,AI5806,IndiGo,BLR,BLR,184,No,Technical
4/4/2024,AI4698,IndiGo,PNQ,DEL,45,No,Operational
8/8/2024,AI6903,GoAir,BLR,HYD,,Yes,
9/15/2022,AI1257,AirAsia India,MAA,CCU,205,No,Technical
3/22/2021,AI4933,Vistara,CCU,CCU,120,No,Weather
1/24/2021,AI7972,AirAsia India,HYD,PNQ,248,No,Technical
11/2/2021,AI3648,Air India,BLR,MAA,253,No,Technical
2/12/2020,AI4510,Air India,MAA,BLR,4,No,Late Arrival
9/10/2020,AI659,Air India,PNQ,HYD,47,No,Technical
2/27/2023,AI5194,AirAsia India,CCU,HYD,39,No,Operational
12/19/2022,AI9232,Vistara,HYD,PNQ,59,No,Technical
10/24/2021,AI9762,GoAir,DEL,PNQ,6,No,Crew
4/11/2021,AI2796,AirAsia India,MAA,CCU,297,No,Technical
10/13/2020,AI5785,Vistara,PNQ,MAA,69,No,Crew
10/7/2022,AI1097,IndiGo,CCU,CCU,108,No,Air Traffic
3/20/2024,AI8653,IndiGo,MAA,MAA,90,No,Technical
1/30/2024,AI8940,Air India,BLR,BOM,94,No,Air Traffic
2/16/2022,AI5549,SpiceJet,BOM,HYD,52,No,Technical
12/10/2020,AI2214,Air India,DEL,PNQ,171,No,Operational
10/3/2021,AI7290,SpiceJet,BLR,BOM,77,No,Crew
1/16/2021,AI7632,Vistara,BLR,CCU,109,No,Air Traffic
12/7/2024,AI9567,IndiGo,PNQ,BLR,199,No,Air Traffic
11/20/2021,AI1455,AirAsia India,PNQ,DEL,247,No,Crew
6/30/2023,AI2340,SpiceJet,CCU,BLR,274,No,Late Arrival
12/15/2022,AI4371,Vistara,PNQ,BLR,260,No,Technical
1/26/2024,AI5277,IndiGo,MAA,DEL,124,No,Technical
4/1/2021,AI2627,AirAsia India,DEL,HYD,112,No,Operational
9/9/2022,AI6163,SpiceJet,BLR,BOM,,Yes,
3/23/2020,AI2004,Air India,CCU,BOM,131,No,Late Arrival
1/27/2023,AI1342,Air India,DEL,HYD,214,No,Late Arrival
5/28/2020,AI7394,Air India,PNQ,DEL,178,No,Operational
9/14/2023,AI7105,Vistara,PNQ,MAA,155,No,Air Traffic
3/25/2023,AI3308,Air India,MAA,BLR,204,No,Crew
7/8/2020,AI925,GoAir,PNQ,CCU,269,No,Air Traffic
2/26/2024,AI1011,IndiGo,BLR,BOM,142,No,Weather
6/1/2022,AI9855,Vistara,HYD,HYD,50,No,Operational
9/19/2020,AI9873,AirAsia India,BLR,CCU,219,No,Crew
1/8/2023,AI8399,Air India,BLR,PNQ,213,No,Air Traffic
2/3/2021,AI5085,IndiGo,PNQ,DEL,37,No,Air Traffic
2/2/2022,AI8138,SpiceJet,DEL,CCU,206,No,Late Arrival
8/31/2021,AI1558,Air India,PNQ,CCU,46,No,Operational
7/7/2023,AI6793,IndiGo,DEL,BLR,263,No,Weather
11/30/2024,AI2365,GoAir,DEL,DEL,116,No,Technical
6/26/2024,AI7318,SpiceJet,DEL,CCU,269,No,Operational
4/24/2024,AI1592,GoAir,CCU,BOM,24,No,Weather
2/23/2022,AI7044,AirAsia India,BOM,DEL,273,No,Weather
4/10/2020,AI6924,IndiGo,PNQ,BOM,135,No,Operational
10/14/2023,AI7205,GoAir,CCU,HYD,74,No,Crew
11/4/2023,AI346,AirAsia India,BLR,HYD,144,No,Operational
3/30/2022,AI7142,IndiGo,CCU,PNQ,103,No,Air Traffic
5/29/2023,AI6427,IndiGo,MAA,MAA,223,No,Late Arrival
3/30/2022,AI4943,GoAir,HYD,HYD,287,No,Air Traffic
2/23/2021,AI8509,IndiGo,DEL,CCU,257,No,Weather
5/3/2020,AI7193,Air India,PNQ,DEL,296,No,Weather
2/25/2021,AI3281,IndiGo,MAA,HYD,156,No,Technical
6/8/2023,AI3335,Vistara,PNQ,BOM,85,No,Weather
9/9/2024,AI1867,AirAsia India,HYD,CCU,121,No,Technical
12/22/2022,AI6709,IndiGo,MAA,HYD,157,No,Weather
2/17/2024,AI1147,Vistara,PNQ,BLR,153,No,Weather
7/9/2024,AI1770,IndiGo,BLR,BOM,46,No,Operational
9/22/2024,AI5772,IndiGo,DEL,PNQ,28,No,Operational
5/16/2024,AI2135,GoAir,MAA,PNQ,49,No,Late Arrival
2/6/2022,AI3915,Air India,BLR,PNQ,0,No,
4/27/2021,AI5782,AirAsia India,DEL,BOM,279,No,Air Traffic
6/2/2021,AI9023,Air India,BOM,PNQ,217,No,Crew
6/3/2020,AI3472,SpiceJet,BLR,MAA,90,No,Late Arrival
4/1/2020,AI3726,GoAir,CCU,BLR,34,No,Weather
9/8/2022,AI8519,GoAir,PNQ,MAA,125,No,Late Arrival
3/29/2024,AI4912,Air India,DEL,HYD,64,No,Operational
3/30/2021,AI9516,GoAir,MAA,BLR,168,No,Air Traffic
10/30/2024,AI1018,Air India,HYD,BOM,144,No,Weather
8/20/2021,AI9673,GoAir,MAA,MAA,34,No,Weather
7/26/2024,AI758,IndiGo,CCU,CCU,92,No,Late Arrival
5/24/2021,AI6003,Air India,PNQ,BLR,,Yes,
4/21/2023,AI9453,Air India,CCU,BOM,235,No,Air Traffic
1/20/2021,AI6897,Vistara,MAA,DEL,234,No,Technical
5/16/2024,AI3047,GoAir,PNQ,BLR,52,No,Crew
10/20/2024,AI8896,GoAir,HYD,BLR,163,No,Air Traffic
2/8/2021,AI5773,Air India,DEL,HYD,176,No,Late Arrival
9/2/2020,AI3261,IndiGo,PNQ,CCU,218,No,Late Arrival
1/11/2022,AI2803,IndiGo,BLR,HYD,243,No,Crew
6/2/2024,AI9338,AirAsia India,PNQ,PNQ,90,No,Weather
10/22/2021,AI3124,IndiGo,CCU,BLR,266,No,Weather
10/11/2021,AI4874,GoAir,CCU,BLR,174,No,Technical
2/3/2024,AI3565,Vistara,CCU,PNQ,159,No,Late Arrival
12/17/2023,AI9045,Air India,HYD,CCU,92,No,Crew
6/19/2022,AI7342,SpiceJet,PNQ,CCU,153,No,Late Arrival
3/5/2020,AI1259,Vistara,PNQ,MAA,165,No,Operational
11/2/2022,AI2173,SpiceJet,BOM,BOM,283,No,Late Arrival
7/31/2020,AI3552,Vistara,HYD,BOM,194,No,Late Arrival
8/29/2020,AI4155,IndiGo,DEL,MAA,263,No,Operational
5/7/2021,AI3723,GoAir,DEL,BOM,,Yes,
5/21/2023,AI2144,SpiceJet,DEL,BLR,198,No,Operational
9/12/2024,AI8919,Vistara,DEL,MAA,274,No,Crew
12/3/2020,AI7141,GoAir,DEL,MAA,149,No,Weather
6/21/2020,AI8779,SpiceJet,MAA,BOM,50,No,Technical
11/2/2021,AI1018,Air India,CCU,DEL,234,No,Operational
6/12/2020,AI9616,Vistara,HYD,BOM,129,No,Weather
4/9/2021,AI5933,Air India,MAA,HYD,92,No,Crew
9/21/2022,AI6424,IndiGo,HYD,DEL,122,No,Air Traffic
5/11/2021,AI6763,Air India,BOM,MAA,173,No,Late Arrival
11/30/2021,AI399,Air India,PNQ,DEL,67,No,Crew
1/29/2021,AI9118,AirAsia India,BLR,BLR,254,No,Crew
12/3/2021,AI6640,Vistara,CCU,CCU,185,No,Operational
11/3/2020,AI1525,IndiGo,BOM,DEL,282,No,Technical
11/26/2024,AI2361,Air India,MAA,HYD,69,No,Operational
7/1/2020,AI3326,GoAir,BLR,CCU,236,No,Late Arrival
9/20/2021,AI3429,SpiceJet,PNQ,BLR,83,No,Operational
12/22/2024,AI7027,Air India,BOM,HYD,293,No,Late Arrival
5/24/2021,AI2259,IndiGo,PNQ,PNQ,212,No,Operational
9/27/2024,AI8393,Air India,PNQ,CCU,140,No,Air Traffic
6/29/2021,AI170,SpiceJet,HYD,PNQ,166,No,Technical
5/6/2024,AI164,IndiGo,BLR,BLR,119,No,Air Traffic
9/15/2021,AI2974,Vistara,HYD,CCU,146,No,Weather
11/22/2024,AI6190,IndiGo,PNQ,CCU,299,No,Technical
8/16/2021,AI4077,Vistara,BOM,BOM,270,No,Operational
1/13/2022,AI7735,IndiGo,PNQ,HYD,149,No,Crew
6/4/2023,AI5942,SpiceJet,MAA,HYD,118,No,Weather
11/3/2024,AI6951,SpiceJet,PNQ,DEL,101,No,Crew
10/22/2024,AI4428,IndiGo,HYD,PNQ,,Yes,
12/30/2023,AI1446,Air India,BLR,PNQ,13,No,Air Traffic
12/16/2023,AI6130,SpiceJet,BOM,HYD,94,No,Technical
7/7/2021,AI6473,Vistara,HYD,HYD,86,No,Weather
1/21/2020,AI8498,Vistara,PNQ,CCU,72,No,Air Traffic
7/7/2021,AI8937,GoAir,MAA,PNQ,269,No,Operational
1/31/2021,AI8276,AirAsia India,CCU,MAA,145,No,Crew
9/16/2021,AI4469,AirAsia India,MAA,BOM,71,No,Operational
4/14/2020,AI8127,AirAsia India,PNQ,DEL,20,No,Late Arrival
7/10/2020,AI409,Vistara,MAA,BOM,32,No,Weather
1/17/2020,AI756,GoAir,CCU,DEL,39,No,Crew
2/17/2023,AI1497,AirAsia India,MAA,BLR,200,No,Technical
1/27/2021,AI3666,AirAsia India,CCU,CCU,117,No,Technical
2/28/2021,AI2556,IndiGo,PNQ,HYD,,Yes,
5/8/2020,AI7719,IndiGo,CCU,HYD,261,No,Technical
2/27/2023,AI1652,IndiGo,HYD,MAA,42,No,Air Traffic
7/25/2021,AI4759,Air India,HYD,PNQ,79,No,Technical
5/2/2024,AI8248,AirAsia India,CCU,PNQ,,Yes,
1/29/2020,AI7823,Air India,BOM,BOM,130,No,Crew
1/25/2023,AI1280,GoAir,BLR,BOM,195,No,Air Traffic
10/30/2022,AI8554,Vistara,BOM,BOM,144,No,Late Arrival
8/29/2020,AI6278,AirAsia India,CCU,PNQ,238,No,Technical
8/19/2020,AI4488,Vistara,BLR,HYD,38,No,Technical
2/27/2022,AI3998,IndiGo,HYD,PNQ,231,No,Air Traffic
7/31/2023,AI7131,AirAsia India,BLR,BOM,194,No,Technical
12/15/2021,AI9629,SpiceJet,CCU,CCU,255,No,Late Arrival
1/28/2022,AI6381,Air India,HYD,DEL,225,No,Air Traffic
3/12/2022,AI5959,Air India,BLR,HYD,28,No,Air Traffic
2/14/2022,AI7772,AirAsia India,BLR,CCU,268,No,Weather
12/26/2021,AI121,IndiGo,BOM,BLR,82,No,Air Traffic
7/18/2020,AI1619,Air India,BLR,CCU,169,No,Technical
8/2/2022,AI1668,IndiGo,PNQ,CCU,182,No,Air Traffic
3/19/2020,AI5857,GoAir,CCU,BLR,297,No,Technical
8/13/2022,AI7390,Vistara,DEL,CCU,218,No,Technical
5/5/2022,AI8918,SpiceJet,DEL,DEL,251,No,Air Traffic
4/11/2023,AI9881,Vistara,DEL,HYD,18,No,Weather
4/11/2021,AI7217,Vistara,CCU,MAA,139,No,Technical
8/3/2021,AI919,GoAir,DEL,PNQ,182,No,Weather
12/10/2023,AI780,Air India,BOM,BLR,228,No,Weather
7/28/2022,AI4697,SpiceJet,CCU,HYD,264,No,Air Traffic
3/24/2021,AI6012,Air India,PNQ,BOM,68,No,Operational
3/27/2020,AI5793,AirAsia India,HYD,DEL,3,No,Operational
4/10/2020,AI9154,Vistara,PNQ,MAA,50,No,Technical
10/28/2022,AI1357,AirAsia India,CCU,DEL,68,No,Crew
4/24/2022,AI8887,IndiGo,CCU,DEL,285,No,Operational
5/8/2023,AI3666,Vistara,BLR,BOM,59,No,Air Traffic
3/8/2024,AI5324,Air India,BLR,MAA,18,No,Air Traffic
3/27/2020,AI6564,Vistara,BLR,PNQ,63,No,Operational
2/12/2020,AI2689,IndiGo,MAA,DEL,187,No,Crew
11/9/2023,AI7943,GoAir,BOM,BOM,120,No,Late Arrival
7/2/2024,AI2100,AirAsia India,CCU,BLR,189,No,Technical
12/29/2023,AI7809,AirAsia India,PNQ,BOM,298,No,Late Arrival
2/11/2021,AI2970,Air India,CCU,CCU,217,No,Late Arrival
2/15/2024,AI5285,Vistara,BLR,HYD,143,No,Weather
10/25/2021,AI801,Air India,CCU,BOM,94,No,Weather
11/6/2022,AI1111,GoAir,HYD,BOM,267,No,Technical
7/26/2024,AI9421,Vistara,CCU,BOM,21,No,Crew
5/27/2020,AI1774,Vistara,PNQ,PNQ,135,No,Weather
10/3/2020,AI557,Air India,DEL,DEL,104,No,Operational
8/19/2020,AI973,Air India,HYD,PNQ,190,No,Technical
12/31/2020,AI6903,IndiGo,HYD,MAA,137,No,Air Traffic
6/5/2023,AI1498,GoAir,CCU,BOM,133,No,Late Arrival
8/1/2024,AI8774,IndiGo,MAA,BOM,229,No,Technical
3/11/2021,AI3738,AirAsia India,BLR,CCU,125,No,Air Traffic
2/2/2021,AI9791,Vistara,BOM,CCU,28,No,Air Traffic
5/19/2023,AI7046,Air India,BOM,BLR,72,No,Weather
11/15/2023,AI8637,Vistara,DEL,BLR,62,No,Air Traffic
5/13/2021,AI9253,Vistara,BOM,CCU,269,No,Crew
6/23/2021,AI3449,SpiceJet,BOM,MAA,194,No,Air Traffic
7/16/2021,AI6520,AirAsia India,BLR,BLR,296,No,Air Traffic
2/23/2024,AI4799,SpiceJet,BLR,HYD,286,No,Late Arrival
3/17/2021,AI4774,Vistara,MAA,HYD,159,No,Crew
7/8/2023,AI3498,Air India,PNQ,MAA,143,No,Technical
2/11/2022,AI913,Vistara,DEL,CCU,150,No,Crew
12/15/2020,AI764,AirAsia India,BOM,BLR,285,No,Crew
10/7/2023,AI709,SpiceJet,MAA,BOM,174,No,Technical
6/3/2021,AI2947,Air India,DEL,CCU,98,No,Late Arrival
9/5/2023,AI4338,Vistara,HYD,BLR,249,No,Air Traffic
5/17/2020,AI8575,GoAir,BOM,MAA,67,No,Crew
4/22/2024,AI829,AirAsia India,BOM,HYD,156,No,Crew
7/4/2024,AI6799,AirAsia India,BLR,MAA,99,No,Technical
9/18/2022,AI6773,GoAir,CCU,BLR,56,No,Operational
1/2/2021,AI7575,Vistara,DEL,MAA,146,No,Crew
5/28/2023,AI5744,AirAsia India,BOM,BLR,143,No,Weather
9/22/2023,AI3042,Air India,DEL,BLR,295,No,Air Traffic
5/31/2023,AI6812,Vistara,PNQ,MAA,117,No,Air Traffic
7/29/2024,AI9465,Vistara,MAA,DEL,22,No,Late Arrival
11/26/2024,AI5460,SpiceJet,MAA,BOM,32,No,Crew
12/25/2020,AI7072,AirAsia India,CCU,CCU,219,No,Technical
7/9/2022,AI8110,AirAsia India,BOM,HYD,213,No,Weather
11/24/2020,AI9596,GoAir,PNQ,BOM,84,No,Technical
8/19/2022,AI5518,SpiceJet,BLR,CCU,10,No,Crew
4/7/2021,AI6950,SpiceJet,BOM,CCU,12,No,Weather
8/3/2022,AI8797,AirAsia India,DEL,HYD,231,No,Late Arrival
8/20/2022,AI6438,Vistara,HYD,BOM,104,No,Late Arrival
5/3/2024,AI290,SpiceJet,MAA,HYD,176,No,Late Arrival
11/6/2023,AI7292,GoAir,DEL,BLR,213,No,Operational
4/15/2022,AI784,SpiceJet,CCU,HYD,99,No,Technical
6/1/2024,AI7492,GoAir,MAA,MAA,52,No,Crew
6/28/2024,AI7979,SpiceJet,BLR,DEL,127,No,Weather
6/17/2020,AI3453,GoAir,MAA,DEL,74,No,Air Traffic
8/4/2020,AI1556,SpiceJet,HYD,DEL,16,No,Air Traffic
1/12/2021,AI4012,SpiceJet,PNQ,BOM,179,No,Technical
4/28/2020,AI4961,Air India,BOM,BOM,76,No,Crew
7/8/2020,AI3319,GoAir,HYD,BLR,,Yes,
2/5/2022,AI3319,GoAir,PNQ,PNQ,27,No,Operational
1/4/2021,AI2885,GoAir,HYD,DEL,119,No,Crew
12/6/2024,AI8151,IndiGo,BOM,BLR,49,No,Technical
5/28/2020,AI9743,SpiceJet,MAA,PNQ,293,No,Crew
8/26/2024,AI4030,GoAir,CCU,DEL,73,No,Air Traffic
10/13/2021,AI744,AirAsia India,BOM,BOM,253,No,Air Traffic
2/20/2024,AI9354,IndiGo,BOM,PNQ,135,No,Weather
2/8/2022,AI8510,Air India,PNQ,MAA,262,No,Operational
1/8/2021,AI3761,GoAir,BLR,MAA,79,No,Air Traffic
2/19/2022,AI6322,GoAir,MAA,MAA,263,No,Weather
9/12/2024,AI2215,IndiGo,BOM,HYD,15,No,Operational
6/8/2020,AI7976,SpiceJet,CCU,MAA,166,No,Air Traffic
12/16/2020,AI2542,AirAsia India,DEL,CCU,250,No,Operational
8/4/2023,AI641,Air India,MAA,DEL,238,No,Crew
8/4/2023,AI4376,GoAir,BLR,MAA,198,No,Weather
6/10/2022,AI5037,SpiceJet,HYD,PNQ,221,No,Operational
6/3/2023,AI2476,AirAsia India,BOM,CCU,159,No,Operational
6/6/2021,AI3383,AirAsia India,CCU,CCU,150,No,Crew
6/5/2021,AI6148,Air India,MAA,CCU,266,No,Air Traffic
2/21/2022,AI9484,Vistara,CCU,BLR,115,No,Air Traffic
9/29/2020,AI542,AirAsia India,CCU,PNQ,104,No,Technical
7/24/2022,AI5157,Vistara,PNQ,BLR,54,No,Technical
11/26/2023,AI7547,AirAsia India,HYD,CCU,294,No,Air Traffic
7/1/2020,AI8979,Air India,BLR,HYD,134,No,Late Arrival
8/15/2024,AI8877,IndiGo,MAA,MAA,22,No,Late Arrival
5/2/2021,AI5868,Air India,BOM,DEL,25,No,Operational
4/25/2022,AI1959,Air India,BLR,PNQ,17,No,Air Traffic
5/3/2020,AI7099,IndiGo,BOM,HYD,266,No,Technical
9/11/2022,AI291,IndiGo,DEL,BOM,250,No,Operational
7/7/2024,AI2375,SpiceJet,CCU,BLR,131,No,Weather
2/28/2022,AI3047,AirAsia India,DEL,MAA,39,No,Technical
2/17/2021,AI4086,SpiceJet,PNQ,MAA,34,No,Technical
10/14/2024,AI3467,IndiGo,CCU,BOM,72,No,Technical
4/10/2023,AI9722,Vistara,HYD,BOM,257,No,Late Arrival
8/4/2023,AI7942,Vistara,BLR,PNQ,226,No,Crew
12/29/2023,AI1237,Air India,BOM,MAA,136,No,Crew
11/16/2021,AI3162,GoAir,PNQ,BOM,270,No,Late Arrival
4/22/2020,AI2424,Air India,HYD,MAA,3,No,Air Traffic
6/6/2022,AI4315,Air India,BOM,HYD,207,No,Air Traffic
5/1/2020,AI5489,GoAir,BLR,PNQ,240,No,Late Arrival
4/16/2024,AI3571,AirAsia India,MAA,BOM,295,No,Late Arrival
5/30/2023,AI7337,IndiGo,PNQ,HYD,151,No,Air Traffic
7/12/2024,AI3331,Vistara,DEL,HYD,,Yes,
2/8/2020,AI9934,Air India,DEL,BOM,31,No,Crew
5/11/2021,AI5420,GoAir,BOM,PNQ,220,No,Operational
2/18/2022,AI1572,SpiceJet,BOM,MAA,14,No,Late Arrival
6/10/2023,AI9243,Air India,BOM,CCU,256,No,Operational
7/31/2022,AI5377,Vistara,PNQ,MAA,71,No,Operational
4/2/2024,AI2306,IndiGo,BLR,DEL,39,No,Weather
5/28/2020,AI6952,Air India,MAA,BOM,240,No,Crew
11/21/2023,AI3464,Air India,DEL,BLR,150,No,Operational
10/18/2022,AI8492,AirAsia India,HYD,PNQ,85,No,Crew
10/22/2021,AI8067,GoAir,CCU,BOM,85,No,Crew
7/19/2024,AI7487,SpiceJet,PNQ,DEL,,Yes,
10/28/2020,AI1983,SpiceJet,PNQ,HYD,,Yes,
10/15/2023,AI3925,IndiGo,BLR,BLR,79,No,Weather
8/25/2020,AI747,Vistara,DEL,BLR,248,No,Air Traffic
10/8/2021,AI2794,IndiGo,MAA,MAA,57,No,Crew
10/24/2021,AI5959,Air India,BLR,CCU,242,No,Operational
8/23/2020,AI5988,Air India,HYD,MAA,44,No,Air Traffic
10/25/2024,AI4646,SpiceJet,DEL,PNQ,213,No,Air Traffic
7/21/2020,AI793,Vistara,BLR,BLR,206,No,Technical
9/12/2020,AI4145,GoAir,DEL,BLR,185,No,Operational
8/20/2021,AI5041,Vistara,DEL,CCU,132,No,Operational
10/23/2021,AI6364,Air India,PNQ,PNQ,249,No,Crew
8/22/2020,AI3363,GoAir,MAA,BOM,155,No,Operational
9/30/2023,AI341,Vistara,PNQ,CCU,278,No,Technical
6/17/2021,AI2594,Vistara,CCU,HYD,184,No,Crew
5/9/2022,AI9530,GoAir,MAA,MAA,22,No,Late Arrival
12/25/2024,AI2562,Air India,DEL,BOM,230,No,Operational
12/9/2024,AI3040,Vistara,BLR,MAA,91,No,Operational
1/29/2024,AI8230,GoAir,HYD,CCU,88,No,Weather
2/8/2022,AI7173,AirAsia India,MAA,BOM,72,No,Late Arrival
6/24/2021,AI4690,AirAsia India,CCU,CCU,278,No,Late Arrival
7/31/2020,AI8356,Air India,DEL,HYD,204,No,Technical
4/7/2021,AI4432,GoAir,HYD,DEL,256,No,Late Arrival
3/11/2021,AI1826,AirAsia India,MAA,BLR,86,No,Weather
10/9/2020,AI3108,GoAir,PNQ,PNQ,2,No,Technical
5/4/2024,AI561,Vistara,PNQ,BOM,252,No,Late Arrival
6/18/2024,AI405,Air India,MAA,BLR,17,No,Technical
1/26/2024,AI1150,AirAsia India,MAA,DEL,,Yes,
12/1/2023,AI4227,Vistara,MAA,BOM,158,No,Late Arrival
3/28/2020,AI7168,IndiGo,HYD,BLR,285,No,Late Arrival
12/3/2022,AI7623,IndiGo,PNQ,BLR,4,No,Air Traffic
4/5/2021,AI3496,Air India,BLR,BOM,20,No,Late Arrival
10/4/2020,AI3427,AirAsia India,CCU,BLR,66,No,Operational
9/2/2024,AI5735,AirAsia India,CCU,BLR,149,No,Late Arrival
2/24/2021,AI7969,AirAsia India,DEL,BOM,3,No,Operational
9/20/2024,AI9515,GoAir,BOM,PNQ,38,No,Crew
10/8/2023,AI3483,Vistara,BLR,BLR,16,No,Air Traffic
11/26/2021,AI7687,AirAsia India,PNQ,BLR,15,No,Weather
5/29/2021,AI6456,Vistara,DEL,PNQ,188,No,Technical
12/3/2021,AI4134,Air India,DEL,MAA,132,No,Technical
7/11/2024,AI3785,AirAsia India,MAA,HYD,275,No,Crew
1/19/2020,AI4048,Air India,BOM,MAA,146,No,Late Arrival
1/23/2020,AI3721,AirAsia India,PNQ,DEL,284,No,Weather
2/16/2021,AI4680,IndiGo,BOM,MAA,77,No,Crew
11/19/2022,AI7211,SpiceJet,BLR,MAA,179,No,Crew
4/17/2020,AI5550,Air India,BOM,DEL,31,No,Technical
10/22/2023,AI5208,AirAsia India,DEL,BLR,150,No,Operational
7/28/2023,AI805,SpiceJet,BOM,BLR,172,No,Operational
2/25/2023,AI2248,Air India,BOM,MAA,57,No,Late Arrival
6/6/2023,AI286,GoAir,CCU,DEL,22,No,Late Arrival
2/8/2023,AI4242,AirAsia India,PNQ,BLR,68,No,Crew
5/15/2020,AI4911,GoAir,PNQ,CCU,286,No,Late Arrival
12/27/2020,AI2912,IndiGo,DEL,BOM,98,No,Operational
4/24/2023,AI1622,AirAsia India,HYD,BOM,120,No,Weather
8/6/2024,AI3398,IndiGo,BOM,HYD,266,No,Technical
5/26/2024,AI9195,SpiceJet,BOM,BOM,124,No,Operational
5/8/2020,AI3556,Air India,MAA,MAA,221,No,Air Traffic
7/8/2023,AI2043,Vistara,PNQ,BOM,128,No,Late Arrival
5/29/2021,AI6680,IndiGo,BOM,BOM,293,No,Technical
3/24/2021,AI6114,Vistara,PNQ,CCU,134,No,Air Traffic
2/1/2023,AI8258,Vistara,BOM,BLR,77,No,Technical
2/15/2024,AI9744,Air India,CCU,CCU,115,No,Crew
6/1/2023,AI385,SpiceJet,DEL,MAA,287,No,Late Arrival
5/23/2022,AI7320,Air India,PNQ,BOM,203,No,Crew
2/23/2024,AI7161,AirAsia India,BLR,PNQ,152,No,Technical
4/17/2021,AI3495,IndiGo,DEL,BLR,75,No,Crew
10/30/2022,AI5702,Vistara,MAA,HYD,101,No,Late Arrival
11/29/2023,AI5550,Air India,DEL,HYD,186,No,Operational
10/28/2020,AI135,Air India,BOM,BOM,204,No,Weather
8/18/2020,AI1146,Air India,MAA,BOM,58,No,Air Traffic
10/20/2024,AI948,IndiGo,DEL,HYD,49,No,Operational
7/11/2022,AI1590,SpiceJet,MAA,HYD,295,No,Technical
12/25/2022,AI7427,Air India,BLR,PNQ,294,No,Operational
7/25/2022,AI3193,IndiGo,DEL,MAA,174,No,Crew
4/21/2020,AI3527,Vistara,PNQ,BOM,111,No,Late Arrival
11/2/2022,AI7819,AirAsia India,PNQ,HYD,183,No,Operational
11/17/2023,AI2940,GoAir,HYD,PNQ,145,No,Operational
5/14/2021,AI2095,IndiGo,BOM,DEL,128,No,Late Arrival
7/20/2022,AI863,GoAir,MAA,HYD,82,No,Crew
8/20/2021,AI5373,Air India,HYD,BLR,18,No,Weather
8/21/2020,AI7524,Air India,HYD,BLR,183,No,Operational
8/24/2021,AI4737,IndiGo,CCU,DEL,135,No,Air Traffic
11/9/2020,AI7490,GoAir,MAA,MAA,276,No,Technical
7/19/2021,AI1910,Air India,HYD,BOM,115,No,Crew
11/1/2022,AI8208,Vistara,CCU,BOM,80,No,Crew
7/27/2020,AI1631,SpiceJet,HYD,HYD,274,No,Operational
11/3/2022,AI1426,SpiceJet,BOM,BLR,113,No,Air Traffic
7/14/2024,AI1959,Air India,BLR,MAA,276,No,Late Arrival
12/12/2023,AI2561,GoAir,CCU,MAA,11,No,Operational
12/31/2023,AI1711,AirAsia India,BLR,MAA,261,No,Operational
11/1/2023,AI7173,Air India,MAA,HYD,44,No,Late Arrival
11/9/2022,AI7029,AirAsia India,BOM,BOM,164,No,Technical
8/9/2021,AI7244,AirAsia India,CCU,MAA,220,No,Late Arrival
11/13/2024,AI7071,GoAir,MAA,HYD,183,No,Operational
10/24/2024,AI1525,AirAsia India,HYD,HYD,112,No,Weather
10/11/2022,AI7275,Vistara,PNQ,DEL,36,No,Late Arrival
12/29/2022,AI4054,GoAir,DEL,CCU,88,No,Technical
5/19/2023,AI2682,Air India,MAA,MAA,201,No,Late Arrival
1/29/2023,AI4662,Vistara,BLR,CCU,16,No,Late Arrival
11/28/2021,AI8756,IndiGo,BOM,BOM,283,No,Crew
5/11/2020,AI3944,SpiceJet,BOM,HYD,16,No,Crew
7/4/2024,AI2994,Air India,MAA,PNQ,170,No,Operational
11/5/2023,AI4858,Air India,HYD,MAA,165,No,Operational
3/1/2023,AI8568,Air India,DEL,PNQ,83,No,Late Arrival
11/9/2022,AI2191,Vistara,BLR,BLR,25,No,Weather
6/19/2021,AI2938,IndiGo,MAA,BOM,73,No,Air Traffic
10/10/2022,AI2830,GoAir,MAA,DEL,228,No,Operational
8/14/2020,AI5111,IndiGo,PNQ,DEL,261,No,Late Arrival
3/23/2023,AI4200,Vistara,BOM,CCU,225,No,Late Arrival
10/31/2024,AI362,Air India,BLR,HYD,207,No,Air Traffic
2/1/2024,AI6824,SpiceJet,DEL,CCU,81,No,Late Arrival
4/1/2022,AI6526,Air India,BOM,BLR,114,No,Air Traffic
5/20/2022,AI5194,GoAir,MAA,BLR,293,No,Air Traffic
2/8/2021,AI7099,AirAsia India,BOM,DEL,76,No,Late Arrival
7/20/2020,AI2411,SpiceJet,BOM,PNQ,74,No,Late Arrival
2/7/2020,AI8619,Air India,CCU,MAA,12,No,Crew
7/30/2022,AI7673,SpiceJet,BOM,DEL,,Yes,
11/30/2024,AI4515,AirAsia India,HYD,DEL,294,No,Air Traffic
7/6/2020,AI7711,IndiGo,BOM,PNQ,254,No,Technical
12/16/2022,AI9342,Vistara,HYD,PNQ,50,No,Air Traffic
7/29/2022,AI2338,Air India,BLR,BLR,38,No,Technical
11/9/2022,AI6420,GoAir,BOM,PNQ,20,No,Late Arrival
9/29/2020,AI2449,IndiGo,DEL,CCU,229,No,Operational
2/16/2023,AI3470,Air India,HYD,BLR,40,No,Weather
8/5/2021,AI3287,IndiGo,HYD,PNQ,42,No,Late Arrival
5/30/2021,AI4494,GoAir,MAA,HYD,,Yes,
5/29/2023,AI1601,Air India,BLR,BLR,128,No,Weather
6/9/2021,AI5701,AirAsia India,BOM,BLR,111,No,Crew
3/18/2024,AI3701,AirAsia India,PNQ,DEL,175,No,Technical
10/17/2024,AI3370,GoAir,DEL,MAA,43,No,Crew
10/30/2024,AI551,SpiceJet,MAA,DEL,281,No,Operational
12/1/2020,AI1019,GoAir,BLR,BOM,122,No,Operational
11/28/2021,AI5971,SpiceJet,HYD,BLR,264,No,Air Traffic
12/14/2022,AI5330,Air India,DEL,PNQ,236,No,Late Arrival
5/14/2021,AI7279,SpiceJet,BOM,PNQ,175,No,Air Traffic
6/18/2022,AI6990,Air India,PNQ,PNQ,61,No,Operational
2/4/2022,AI8070,Air India,CCU,BLR,,Yes,
6/19/2021,AI6134,Vistara,CCU,PNQ,12,No,Operational
6/10/2020,AI1298,Air India,BLR,BOM,68,No,Air Traffic
8/20/2024,AI6412,SpiceJet,PNQ,BLR,254,No,Crew
8/16/2021,AI1357,Vistara,DEL,PNQ,56,No,Weather
6/7/2020,AI2956,Vistara,MAA,BLR,,Yes,
4/26/2023,AI5670,Air India,DEL,HYD,178,No,Technical
2/29/2020,AI5410,GoAir,PNQ,BLR,283,No,Operational
7/3/2022,AI8502,GoAir,HYD,BOM,190,No,Air Traffic
9/4/2023,AI6676,AirAsia India,CCU,DEL,,Yes,
7/29/2020,AI4965,Vistara,BLR,BLR,247,No,Operational
2/9/2021,AI3480,Air India,BOM,MAA,70,No,Crew
10/25/2021,AI7010,GoAir,DEL,BOM,203,No,Technical
2/6/2023,AI2420,Air India,CCU,CCU,235,No,Crew
1/4/2023,AI8049,Air India,MAA,HYD,77,No,Weather
6/25/2021,AI4349,Vistara,BLR,BOM,6,No,Crew
8/30/2023,AI1648,AirAsia India,BOM,DEL,82,No,Technical
9/24/2022,AI9381,Vistara,DEL,PNQ,25,No,Technical
2/14/2023,AI657,IndiGo,MAA,PNQ,7,No,Operational
7/15/2022,AI171,GoAir,BOM,BOM,251,No,Weather
5/17/2022,AI7630,GoAir,HYD,CCU,48,No,Late Arrival
9/23/2024,AI2653,GoAir,CCU,PNQ,281,No,Operational
1/19/2020,AI5772,SpiceJet,HYD,HYD,127,No,Air Traffic
3/7/2021,AI4634,Air India,CCU,MAA,8,No,Crew
9/4/2024,AI2260,Vistara,MAA,CCU,204,No,Crew
1/9/2022,AI8483,GoAir,HYD,BOM,188,No,Technical
10/5/2023,AI8616,IndiGo,CCU,CCU,202,No,Air Traffic
7/1/2020,AI7475,GoAir,BLR,PNQ,197,No,Technical
4/22/2020,AI8153,AirAsia India,MAA,PNQ,14,No,Air Traffic
4/21/2023,AI6555,Air India,CCU,BOM,18,No,Technical
4/25/2021,AI546,Air India,DEL,PNQ,8,No,Late Arrival
3/15/2023,AI7326,Vistara,CCU,PNQ,31,No,Late Arrival
4/10/2022,AI8553,SpiceJet,HYD,MAA,132,No,Operational
7/9/2024,AI9196,Vistara,BLR,MAA,197,No,Late Arrival
2/10/2023,AI1022,GoAir,BOM,DEL,241,No,Air Traffic
2/1/2022,AI8160,AirAsia India,BOM,MAA,151,No,Technical
4/20/2021,AI8985,IndiGo,CCU,BLR,126,No,Air Traffic
2/1/2022,AI2196,Vistara,BOM,CCU,163,No,Operational
8/19/2023,AI5610,SpiceJet,CCU,CCU,185,No,Operational
8/28/2022,AI1463,Vistara,BLR,BOM,206,No,Weather
10/16/2022,AI1413,Air India,BOM,MAA,60,No,Late Arrival
2/15/2023,AI1056,GoAir,HYD,DEL,8,No,Crew
6/9/2020,AI9757,GoAir,HYD,PNQ,269,No,Crew
2/4/2021,AI5705,GoAir,DEL,DEL,8,No,Weather
7/16/2020,AI5274,GoAir,CCU,DEL,34,No,Technical
7/7/2023,AI9806,GoAir,BOM,HYD,5,No,Weather
10/21/2021,AI1882,GoAir,HYD,PNQ,36,No,Technical
11/10/2024,AI9689,IndiGo,PNQ,BLR,289,No,Late Arrival
12/6/2022,AI6859,SpiceJet,BLR,MAA,202,No,Late Arrival
2/2/2021,AI3611,GoAir,BLR,PNQ,37,No,Operational
9/29/2024,AI6390,SpiceJet,PNQ,DEL,63,No,Operational
5/1/2024,AI9914,AirAsia India,PNQ,PNQ,,Yes,
3/18/2020,AI104,GoAir,DEL,BLR,113,No,Operational
5/3/2020,AI7125,Vistara,BLR,CCU,202,No,Operational
3/15/2020,AI9242,GoAir,BLR,BOM,46,No,Crew
5/16/2020,AI4511,Air India,BOM,MAA,79,No,Operational
8/24/2021,AI3147,IndiGo,CCU,MAA,191,No,Operational
11/24/2023,AI3263,Vistara,MAA,HYD,286,No,Operational
4/16/2022,AI8942,Vistara,BLR,CCU,42,No,Technical
3/8/2024,AI4245,Air India,BLR,MAA,43,No,Air Traffic
5/14/2021,AI3964,GoAir,MAA,HYD,59,No,Operational
5/15/2024,AI9237,IndiGo,BLR,HYD,161,No,Weather
5/17/2020,AI6428,Vistara,BOM,HYD,19,No,Operational
2/19/2020,AI8796,IndiGo,BOM,MAA,141,No,Operational
11/29/2024,AI9371,Vistara,MAA,MAA,93,No,Crew
8/30/2022,AI2938,GoAir,HYD,MAA,55,No,Air Traffic
6/30/2024,AI819,AirAsia India,BLR,BLR,56,No,Operational
7/6/2024,AI9016,Vistara,HYD,HYD,98,No,Air Traffic
9/10/2020,AI1183,AirAsia India,BLR,BLR,136,No,Technical
7/11/2024,AI2183,Vistara,CCU,BOM,212,No,Late Arrival
12/10/2021,AI4565,SpiceJet,BLR,MAA,91,No,Air Traffic
7/16/2021,AI3866,GoAir,BOM,PNQ,237,No,Air Traffic
1/26/2022,AI6518,Air India,DEL,CCU,95,No,Operational
12/20/2023,AI5027,AirAsia India,PNQ,DEL,161,No,Operational
6/30/2021,AI2727,Air India,DEL,BOM,263,No,Operational
8/18/2023,AI8289,GoAir,DEL,PNQ,,Yes,
7/10/2022,AI1341,Air India,DEL,DEL,212,No,Crew
8/3/2021,AI6755,GoAir,PNQ,DEL,,Yes,
10/4/2023,AI8293,Air India,HYD,MAA,55,No,Late Arrival
2/18/2020,AI1414,AirAsia India,PNQ,CCU,168,No,Crew
7/5/2022,AI5298,SpiceJet,HYD,DEL,,Yes,
1/2/2023,AI9228,Air India,PNQ,HYD,192,No,Crew
12/4/2021,AI9505,AirAsia India,PNQ,PNQ,66,No,Crew
9/17/2020,AI6655,Vistara,BLR,DEL,154,No,Technical
12/21/2020,AI1126,GoAir,HYD,BOM,112,No,Late Arrival
5/24/2024,AI6963,IndiGo,BLR,CCU,94,No,Technical
6/13/2024,AI3450,IndiGo,CCU,CCU,248,No,Technical
7/7/2023,AI9080,GoAir,BLR,DEL,75,No,Late Arrival
9/29/2021,AI1645,SpiceJet,DEL,CCU,272,No,Technical
1/12/2022,AI8609,Air India,MAA,BOM,236,No,Late Arrival
8/11/2023,AI3874,SpiceJet,MAA,PNQ,4,No,Air Traffic
10/6/2022,AI4227,IndiGo,BOM,BOM,55,No,Air Traffic
7/19/2022,AI2446,AirAsia India,BOM,BOM,190,No,Operational
10/2/2021,AI7542,GoAir,BLR,HYD,12,No,Crew
3/2/2022,AI7206,GoAir,PNQ,MAA,,Yes,
8/29/2023,AI8402,SpiceJet,PNQ,DEL,280,No,Air Traffic
9/3/2021,AI5073,AirAsia India,MAA,PNQ,167,No,Air Traffic
3/19/2022,AI7689,SpiceJet,DEL,CCU,260,No,Technical
4/20/2023,AI877,Air India,HYD,BOM,86,No,Late Arrival
11/16/2021,AI9512,Vistara,DEL,DEL,238,No,Weather
10/19/2023,AI7919,AirAsia India,DEL,PNQ,286,No,Technical
7/6/2020,AI5409,Vistara,BLR,PNQ,129,No,Technical
5/11/2024,AI2429,Air India,BLR,DEL,267,No,Late Arrival
4/15/2024,AI6170,Vistara,CCU,MAA,264,No,Weather
6/7/2024,AI7512,IndiGo,DEL,HYD,229,No,Weather
8/14/2024,AI4933,Vistara,PNQ,CCU,59,No,Operational
9/11/2022,AI9752,Air India,PNQ,HYD,105,No,Technical
7/1/2021,AI8189,Vistara,DEL,PNQ,145,No,Crew
12/25/2021,AI5551,GoAir,BLR,CCU,,Yes,
7/14/2022,AI2536,SpiceJet,BLR,PNQ,197,No,Air Traffic
12/2/2023,AI8204,IndiGo,CCU,BOM,220,No,Technical
5/25/2022,AI9293,GoAir,CCU,BOM,288,No,Crew
9/9/2021,AI3839,GoAir,BOM,DEL,,Yes,
2/17/2021,AI6690,Air India,MAA,CCU,37,No,Crew
9/27/2023,AI5525,SpiceJet,DEL,CCU,105,No,Late Arrival
5/28/2023,AI4891,SpiceJet,PNQ,PNQ,228,No,Technical
6/21/2022,AI1453,AirAsia India,DEL,HYD,44,No,Late Arrival
6/11/2020,AI6146,IndiGo,CCU,BOM,203,No,Operational
5/28/2023,AI6653,Air India,CCU,BLR,144,No,Crew
9/26/2020,AI3977,IndiGo,BOM,DEL,298,No,Weather
9/23/2021,AI8094,AirAsia India,MAA,CCU,194,No,Crew
6/24/2022,AI7471,Vistara,BOM,MAA,135,No,Operational
11/24/2023,AI1053,GoAir,PNQ,MAA,216,No,Crew
4/20/2023,AI4807,IndiGo,MAA,BLR,116,No,Late Arrival
6/29/2024,AI5511,GoAir,HYD,BOM,8,No,Technical
10/18/2024,AI5853,Air India,DEL,BOM,49,No,Weather
7/23/2020,AI6056,Vistara,BOM,BOM,16,No,Late Arrival
8/4/2021,AI6748,Air India,CCU,HYD,166,No,Air Traffic
4/28/2024,AI4223,Vistara,BOM,PNQ,291,No,Technical
4/20/2022,AI2446,Vistara,HYD,MAA,6,No,Weather
6/5/2023,AI6948,GoAir,BOM,BOM,148,No,Operational
9/15/2024,AI637,Air India,DEL,MAA,197,No,Crew
6/30/2024,AI7220,Air India,HYD,BLR,59,No,Weather
8/18/2021,AI3708,IndiGo,CCU,DEL,235,No,Air Traffic
9/6/2020,AI5879,Air India,CCU,PNQ,255,No,Operational
5/24/2022,AI1167,IndiGo,BLR,HYD,87,No,Technical
1/4/2024,AI8227,SpiceJet,HYD,CCU,249,No,Weather
4/5/2024,AI5702,SpiceJet,BLR,BLR,145,No,Operational
7/14/2020,AI8148,SpiceJet,BLR,PNQ,118,No,Technical
11/20/2021,AI212,AirAsia India,DEL,MAA,160,No,Late Arrival
3/22/2024,AI327,Air India,BOM,BLR,278,No,Crew
12/29/2022,AI1660,AirAsia India,CCU,CCU,97,No,Operational
9/30/2021,AI1956,Air India,CCU,PNQ,181,No,Late Arrival
11/23/2023,AI9384,IndiGo,BOM,HYD,34,No,Air Traffic
11/2/2021,AI666,AirAsia India,CCU,DEL,63,No,Air Traffic
11/18/2024,AI7761,AirAsia India,BOM,CCU,205,No,Technical
5/11/2023,AI9058,AirAsia India,HYD,PNQ,220,No,Weather
3/17/2023,AI6376,Vistara,DEL,HYD,37,No,Crew
2/4/2024,AI5218,IndiGo,DEL,MAA,,Yes,
8/5/2024,AI2347,SpiceJet,PNQ,CCU,197,No,Technical
8/1/2022,AI5132,IndiGo,DEL,BLR,300,No,Operational
7/17/2020,AI6598,Vistara,BOM,BOM,1,No,Crew
12/20/2023,AI2584,Air India,PNQ,BLR,14,No,Late Arrival
8/16/2024,AI4276,IndiGo,BOM,MAA,196,No,Crew
5/6/2021,AI970,AirAsia India,MAA,PNQ,214,No,Late Arrival
6/14/2022,AI9700,SpiceJet,PNQ,DEL,131,No,Technical
5/21/2020,AI1222,SpiceJet,CCU,CCU,73,No,Weather
8/29/2023,AI2358,Air India,CCU,PNQ,238,No,Air Traffic
6/13/2020,AI2369,IndiGo,MAA,DEL,188,No,Crew
11/9/2020,AI5899,Vistara,MAA,MAA,243,No,Weather
1/21/2020,AI6746,Air India,DEL,CCU,228,No,Weather
1/10/2023,AI3488,IndiGo,MAA,HYD,68,No,Air Traffic
5/23/2024,AI2967,GoAir,BOM,HYD,97,No,Crew
2/28/2023,AI1296,SpiceJet,BLR,PNQ,295,No,Crew
6/10/2024,AI8845,Vistara,BOM,BLR,131,No,Weather
10/19/2024,AI8877,AirAsia India,PNQ,PNQ,165,No,Operational
9/10/2022,AI346,Vistara,MAA,BLR,162,No,Operational
10/31/2020,AI9035,AirAsia India,CCU,MAA,172,No,Crew
1/5/2021,AI929,Vistara,BOM,HYD,206,No,Weather
5/2/2022,AI7505,SpiceJet,CCU,CCU,114,No,Weather
1/18/2021,AI3024,AirAsia India,BOM,HYD,144,No,Technical
3/20/2021,AI9018,IndiGo,CCU,BLR,289,No,Weather
2/28/2021,AI2240,AirAsia India,HYD,PNQ,107,No,Air Traffic
6/9/2020,AI3559,Air India,BOM,MAA,196,No,Operational
4/16/2023,AI5794,IndiGo,PNQ,HYD,69,No,Technical
9/20/2021,AI757,Air India,CCU,MAA,131,No,Air Traffic
9/27/2024,AI3538,Vistara,BLR,HYD,173,No,Operational
6/13/2022,AI3626,IndiGo,PNQ,PNQ,,Yes,
5/4/2021,AI5319,Vistara,DEL,DEL,100,No,Air Traffic
10/13/2022,AI6679,GoAir,BOM,PNQ,234,No,Late Arrival
11/22/2020,AI4526,Vistara,BLR,HYD,17,No,Crew
8/20/2021,AI6953,Vistara,DEL,BLR,185,No,Late Arrival
10/11/2022,AI1411,Air India,BOM,PNQ,119,No,Crew
10/15/2020,AI1507,AirAsia India,BLR,CCU,27,No,Operational
8/15/2021,AI1105,GoAir,BLR,BLR,128,No,Operational
8/14/2024,AI4811,Vistara,PNQ,BLR,141,No,Late Arrival
5/15/2024,AI2743,Vistara,HYD,BLR,33,No,Air Traffic
7/26/2021,AI6884,GoAir,BLR,MAA,211,No,Crew
10/9/2023,AI6194,GoAir,HYD,BOM,283,No,Crew
1/28/2020,AI3261,IndiGo,MAA,BOM,163,No,Technical
8/11/2022,AI9817,Air India,PNQ,DEL,155,No,Weather
2/12/2020,AI8278,GoAir,CCU,BLR,202,No,Air Traffic
8/31/2024,AI444,GoAir,PNQ,BOM,67,No,Air Traffic
2/26/2021,AI4112,SpiceJet,DEL,DEL,89,No,Technical
6/9/2024,AI9255,AirAsia India,CCU,MAA,243,No,Operational
6/25/2020,AI3517,GoAir,CCU,BLR,216,No,Late Arrival
6/12/2021,AI823,Air India,HYD,CCU,234,No,Air Traffic
6/21/2024,AI2191,AirAsia India,CCU,MAA,122,No,Crew
8/23/2022,AI6086,AirAsia India,BLR,DEL,285,No,Technical
2/26/2024,AI3714,Vistara,HYD,MAA,295,No,Late Arrival
7/16/2020,AI3944,Vistara,CCU,CCU,9,No,Late Arrival
9/1/2021,AI1952,Vistara,HYD,MAA,186,No,Air Traffic
5/19/2024,AI6840,Vistara,MAA,DEL,281,No,Weather
4/21/2022,AI4965,SpiceJet,HYD,CCU,179,No,Crew
5/2/2022,AI8309,GoAir,BOM,CCU,293,No,Late Arrival
3/20/2024,AI2153,Vistara,BLR,MAA,169,No,Crew
3/17/2024,AI8668,IndiGo,DEL,CCU,33,No,Air Traffic
1/22/2020,AI7414,Vistara,BOM,PNQ,190,No,Technical
2/9/2023,AI9125,GoAir,BOM,MAA,114,No,Late Arrival
12/16/2022,AI5995,Vistara,BOM,BLR,204,No,Air Traffic
12/25/2022,AI5911,SpiceJet,CCU,CCU,8,No,Late Arrival
4/21/2022,AI9965,Air India,HYD,MAA,229,No,Technical
4/7/2020,AI9683,Air India,HYD,BLR,46,No,Crew
3/13/2023,AI4606,GoAir,PNQ,CCU,81,No,Crew
3/10/2021,AI9761,Air India,CCU,BLR,11,No,Late Arrival
9/28/2021,AI6340,Air India,BLR,HYD,9,No,Air Traffic
8/29/2024,AI5712,IndiGo,CCU,CCU,178,No,Technical
1/14/2023,AI9264,GoAir,CCU,HYD,208,No,Operational
8/10/2021,AI9964,GoAir,CCU,DEL,246,No,Crew
12/9/2020,AI6125,Air India,BLR,DEL,75,No,Operational
8/10/2023,AI2263,Air India,PNQ,MAA,50,No,Late Arrival
7/24/2021,AI7470,Air India,BLR,BOM,58,No,Operational
7/31/2024,AI3379,AirAsia India,MAA,HYD,245,No,Air Traffic
9/2/2021,AI5800,SpiceJet,PNQ,HYD,55,No,Air Traffic
9/23/2024,AI1715,Vistara,MAA,DEL,163,No,Operational
8/30/2020,AI5966,SpiceJet,MAA,HYD,174,No,Air Traffic
7/14/2021,AI2733,GoAir,MAA,BOM,178,No,Crew
8/17/2022,AI7229,IndiGo,HYD,BLR,279,No,Late Arrival
2/1/2020,AI749,Vistara,BOM,BLR,220,No,Operational
1/25/2021,AI9682,IndiGo,BOM,BOM,30,No,Crew
10/3/2020,AI3860,AirAsia India,MAA,HYD,232,No,Operational
6/15/2021,AI9692,GoAir,MAA,HYD,171,No,Crew
3/23/2023,AI6513,AirAsia India,DEL,HYD,288,No,Air Traffic
1/17/2021,AI9930,GoAir,BOM,PNQ,228,No,Air Traffic
12/27/2022,AI1481,IndiGo,DEL,MAA,221,No,Late Arrival
6/2/2022,AI8008,IndiGo,PNQ,CCU,137,No,Air Traffic
8/1/2020,AI7923,IndiGo,DEL,BOM,102,No,Technical
8/5/2024,AI2060,GoAir,CCU,BOM,235,No,Crew
1/10/2021,AI432,Air India,HYD,PNQ,82,No,Crew
1/13/2022,AI1839,IndiGo,PNQ,BOM,13,No,Operational
7/31/2020,AI2522,AirAsia India,BLR,BOM,120,No,Late Arrival
3/19/2020,AI5128,Vistara,BOM,PNQ,,Yes,
10/15/2024,AI1653,GoAir,MAA,BOM,113,No,Weather
9/19/2021,AI9366,AirAsia India,PNQ,HYD,37,No,Air Traffic
8/26/2021,AI7227,SpiceJet,MAA,PNQ,103,No,Weather
2/20/2022,AI3609,SpiceJet,BLR,MAA,106,No,Technical
11/5/2023,AI6853,Vistara,PNQ,DEL,108,No,Late Arrival
9/27/2022,AI6222,Air India,BOM,HYD,110,No,Crew
11/10/2021,AI2136,IndiGo,PNQ,HYD,278,No,Weather
2/27/2020,AI7462,GoAir,MAA,CCU,293,No,Technical
12/24/2024,AI6436,AirAsia India,MAA,PNQ,86,No,Late Arrival
11/15/2022,AI7671,IndiGo,CCU,DEL,16,No,Technical
5/30/2022,AI1251,AirAsia India,DEL,BOM,,Yes,
3/22/2021,AI2022,GoAir,PNQ,DEL,220,No,Air Traffic
3/6/2020,AI5641,SpiceJet,MAA,MAA,204,No,Weather
11/18/2024,AI4334,IndiGo,HYD,BLR,255,No,Operational
7/1/2023,AI9870,Vistara,BOM,HYD,,Yes,
12/3/2022,AI1779,Air India,HYD,PNQ,48,No,Operational
1/25/2023,AI6562,Vistara,BLR,PNQ,292,No,Late Arrival
4/26/2024,AI8882,Air India,PNQ,DEL,69,No,Technical
10/8/2022,AI4319,AirAsia India,CCU,CCU,50,No,Crew
8/14/2020,AI9895,IndiGo,BOM,MAA,248,No,Weather
2/12/2022,AI4192,IndiGo,CCU,BLR,133,No,Operational
11/9/2021,AI4033,Air India,DEL,MAA,55,No,Operational
12/30/2023,AI5440,SpiceJet,MAA,PNQ,147,No,Technical
12/19/2024,AI9109,GoAir,BOM,BOM,235,No,Operational
8/23/2021,AI1295,Vistara,BLR,BLR,25,No,Technical
1/13/2021,AI914,AirAsia India,PNQ,PNQ,,Yes,
4/16/2023,AI3993,Vistara,DEL,CCU,296,No,Weather
12/21/2023,AI9881,Vistara,DEL,BLR,42,No,Technical
12/9/2021,AI8974,AirAsia India,CCU,PNQ,69,No,Operational
11/2/2020,AI5663,AirAsia India,DEL,CCU,175,No,Technical
2/17/2022,AI7110,IndiGo,BOM,BOM,244,No,Operational
5/18/2021,AI7212,Vistara,CCU,CCU,82,No,Air Traffic
9/24/2020,AI8088,GoAir,DEL,MAA,140,No,Late Arrival
5/28/2024,AI3727,GoAir,PNQ,DEL,53,No,Operational
1/8/2020,AI9148,Air India,BLR,MAA,157,No,Operational
5/22/2021,AI8747,AirAsia India,PNQ,PNQ,131,No,Operational
4/20/2021,AI192,IndiGo,HYD,PNQ,106,No,Late Arrival
8/13/2023,AI3030,GoAir,BOM,HYD,286,No,Air Traffic
6/12/2020,AI8976,SpiceJet,BLR,MAA,55,No,Crew
4/29/2021,AI7942,IndiGo,BLR,BLR,19,No,Operational
6/8/2024,AI3737,IndiGo,CCU,BOM,288,No,Crew
12/31/2022,AI3907,GoAir,MAA,HYD,8,No,Weather
7/20/2021,AI9056,SpiceJet,CCU,HYD,67,No,Air Traffic
6/23/2022,AI7402,Air India,BOM,HYD,254,No,Technical
7/12/2021,AI8130,GoAir,BOM,PNQ,23,No,Crew
8/25/2020,AI201,SpiceJet,CCU,DEL,34,No,Air Traffic
2/1/2023,AI1516,IndiGo,MAA,CCU,183,No,Weather
5/18/2023,AI2730,SpiceJet,PNQ,BLR,23,No,Air Traffic
7/7/2021,AI2865,IndiGo,CCU,PNQ,245,No,Technical
4/7/2022,AI1246,GoAir,BOM,BOM,40,No,Operational
4/12/2021,AI7137,AirAsia India,MAA,PNQ,204,No,Operational
1/17/2024,AI5289,GoAir,BOM,DEL,100,No,Operational
7/15/2023,AI490,Vistara,MAA,PNQ,265,No,Late Arrival
1/20/2021,AI7409,Vistara,MAA,PNQ,186,No,Late Arrival
2/13/2022,AI2340,Vistara,CCU,MAA,224,No,Late Arrival
4/27/2022,AI5472,GoAir,CCU,BOM,36,No,Late Arrival
1/21/2021,AI1978,Air India,CCU,HYD,168,No,Weather
5/26/2022,AI5518,GoAir,MAA,BOM,122,No,Air Traffic
9/15/2020,AI6103,AirAsia India,MAA,BOM,200,No,Weather
10/9/2020,AI5851,SpiceJet,BOM,MAA,237,No,Operational
7/7/2024,AI2444,GoAir,BLR,CCU,154,No,Technical
2/9/2020,AI9707,GoAir,CCU,PNQ,264,No,Late Arrival
4/30/2021,AI6354,IndiGo,HYD,BLR,166,No,Air Traffic
7/17/2022,AI5091,IndiGo,BOM,HYD,7,No,Technical
8/7/2020,AI4851,IndiGo,BOM,CCU,241,No,Weather
2/26/2023,AI1217,GoAir,DEL,DEL,218,No,Late Arrival
10/11/2022,AI7836,Air India,CCU,PNQ,139,No,Weather
10/20/2022,AI848,SpiceJet,PNQ,HYD,293,No,Weather
3/23/2024,AI8281,SpiceJet,BOM,BLR,143,No,Crew
9/4/2021,AI3222,AirAsia India,DEL,PNQ,229,No,Air Traffic
7/16/2022,AI7566,Air India,HYD,DEL,259,No,Weather
11/18/2021,AI1108,Air India,HYD,MAA,24,No,Operational
6/30/2024,AI951,SpiceJet,PNQ,CCU,,Yes,
9/4/2021,AI9335,Vistara,CCU,PNQ,4,No,Weather
9/16/2020,AI6930,IndiGo,MAA,HYD,134,No,Late Arrival
9/16/2022,AI6513,IndiGo,DEL,BOM,207,No,Operational
8/23/2022,AI8076,SpiceJet,MAA,BLR,133,No,Weather
12/31/2020,AI6993,Air India,HYD,PNQ,,Yes,
11/16/2024,AI159,AirAsia India,HYD,HYD,271,No,Operational
12/15/2024,AI2289,Vistara,BLR,BOM,45,No,Weather
6/27/2021,AI3979,SpiceJet,BLR,HYD,61,No,Air Traffic
10/10/2021,AI4978,IndiGo,PNQ,PNQ,33,No,Operational
3/27/2024,AI7176,GoAir,BLR,DEL,210,No,Technical
3/24/2022,AI7520,Air India,BLR,BOM,201,No,Crew
11/5/2022,AI5758,GoAir,PNQ,BOM,140,No,Operational
2/26/2023,AI9020,AirAsia India,BOM,HYD,286,No,Late Arrival
7/28/2021,AI3321,SpiceJet,BLR,MAA,10,No,Crew
2/6/2023,AI8854,IndiGo,BOM,PNQ,260,No,Crew
10/9/2022,AI4674,Vistara,BOM,MAA,138,No,Weather
4/5/2024,AI8873,GoAir,CCU,CCU,166,No,Operational
10/31/2021,AI1461,Vistara,BOM,DEL,4,No,Air Traffic
9/25/2020,AI9844,AirAsia India,BOM,MAA,286,No,Crew
3/31/2023,AI4481,IndiGo,BLR,HYD,139,No,Late Arrival
7/7/2023,AI8687,GoAir,BOM,PNQ,162,No,Air Traffic
7/12/2022,AI6147,AirAsia India,MAA,MAA,299,No,Air Traffic
1/30/2023,AI3600,Vistara,PNQ,CCU,177,No,Late Arrival
3/9/2024,AI9273,Vistara,BLR,BLR,104,No,Late Arrival
10/24/2024,AI9421,GoAir,PNQ,CCU,95,No,Weather
5/13/2024,AI8101,IndiGo,DEL,BOM,176,No,Technical
9/3/2020,AI2455,Vistara,BLR,PNQ,132,No,Operational
7/21/2024,AI2773,SpiceJet,BOM,BOM,67,No,Crew
12/23/2024,AI9633,AirAsia India,MAA,MAA,,Yes,
4/9/2024,AI5895,GoAir,PNQ,MAA,166,No,Operational
5/10/2020,AI8996,Air India,BLR,CCU,158,No,Air Traffic
12/18/2020,AI1124,Air India,MAA,CCU,195,No,Crew
7/14/2020,AI6199,IndiGo,PNQ,HYD,10,No,Weather
12/21/2024,AI9605,SpiceJet,DEL,DEL,73,No,Operational
7/18/2022,AI9850,Vistara,HYD,HYD,135,No,Weather
8/16/2024,AI1687,Air India,DEL,BOM,7,No,Weather
11/6/2023,AI2009,IndiGo,HYD,HYD,53,No,Operational
10/18/2022,AI2436,AirAsia India,CCU,CCU,186,No,Operational
10/6/2021,AI7117,SpiceJet,HYD,PNQ,161,No,Crew
8/14/2020,AI5422,SpiceJet,CCU,HYD,105,No,Air Traffic
12/1/2021,AI3552,IndiGo,BLR,BLR,108,No,Air Traffic
2/8/2024,AI1076,IndiGo,CCU,DEL,299,No,Late Arrival
2/9/2024,AI7241,Vistara,MAA,CCU,73,No,Weather
9/21/2020,AI4903,IndiGo,CCU,PNQ,242,No,Air Traffic
10/27/2023,AI1730,Vistara,MAA,MAA,18,No,Technical
2/18/2024,AI5046,Vistara,PNQ,HYD,126,No,Crew
12/28/2023,AI8369,GoAir,PNQ,CCU,152,No,Crew
10/7/2021,AI123,SpiceJet,HYD,MAA,,Yes,
7/29/2020,AI5449,AirAsia India,HYD,MAA,9,No,Late Arrival
5/14/2024,AI6212,SpiceJet,HYD,BOM,27,No,Late Arrival
11/1/2023,AI201,SpiceJet,CCU,BOM,66,No,Weather
11/19/2023,AI3942,GoAir,HYD,PNQ,220,No,Crew
1/13/2024,AI5346,Vistara,CCU,CCU,51,No,Crew
7/31/2022,AI483,Vistara,CCU,PNQ,40,No,Technical
10/19/2023,AI6369,IndiGo,BOM,CCU,10,No,Weather
4/1/2021,AI5108,GoAir,BOM,BLR,254,No,Weather
12/25/2021,AI228,IndiGo,CCU,DEL,17,No,Air Traffic
10/17/2024,AI7359,GoAir,PNQ,DEL,31,No,Late Arrival
6/3/2023,AI7347,IndiGo,MAA,CCU,250,No,Air Traffic
9/8/2022,AI1273,Air India,BLR,BOM,198,No,Weather
2/28/2023,AI3176,SpiceJet,DEL,HYD,,Yes,
8/10/2021,AI5115,SpiceJet,BOM,PNQ,194,No,Technical
4/20/2021,AI6552,AirAsia India,CCU,BLR,141,No,Weather
12/26/2024,AI1199,Vistara,DEL,DEL,225,No,Air Traffic
9/12/2022,AI3487,AirAsia India,BOM,CCU,,Yes,
7/24/2023,AI8965,Air India,BLR,BOM,185,No,Operational
6/4/2020,AI7914,AirAsia India,MAA,BOM,3,No,Operational
11/18/2024,AI3224,SpiceJet,CCU,BOM,297,No,Technical
5/26/2023,AI6671,Vistara,BLR,PNQ,298,No,Late Arrival
7/8/2020,AI7062,Air India,PNQ,HYD,136,No,Crew
12/11/2023,AI9787,SpiceJet,BOM,MAA,27,No,Weather
9/7/2022,AI7387,IndiGo,CCU,PNQ,293,No,Air Traffic
8/25/2024,AI6861,GoAir,DEL,HYD,283,No,Late Arrival
9/11/2024,AI3047,Air India,PNQ,BOM,187,No,Air Traffic
6/29/2021,AI1942,Vistara,PNQ,CCU,115,No,Late Arrival
2/10/2020,AI3359,AirAsia India,HYD,BLR,120,No,Weather
11/2/2020,AI8988,AirAsia India,MAA,HYD,295,No,Crew
7/31/2022,AI2997,Air India,PNQ,CCU,,Yes,
12/3/2020,AI4018,Vistara,BOM,PNQ,287,No,Weather
8/30/2023,AI5099,Air India,MAA,PNQ,6,No,Crew
1/3/2023,AI7911,Vistara,CCU,BOM,279,No,Air Traffic
8/10/2022,AI4420,AirAsia India,HYD,BLR,198,No,Technical
10/5/2020,AI5958,SpiceJet,BLR,DEL,172,No,Crew
4/14/2023,AI1438,IndiGo,MAA,DEL,93,No,Late Arrival
6/14/2022,AI6491,SpiceJet,DEL,PNQ,161,No,Technical
8/12/2024,AI2464,IndiGo,BOM,CCU,,Yes,
9/29/2020,AI2163,AirAsia India,DEL,BLR,4,No,Air Traffic
4/16/2022,AI3914,SpiceJet,MAA,CCU,279,No,Operational
9/11/2021,AI3959,SpiceJet,HYD,BLR,123,No,Technical
8/1/2024,AI2877,Air India,BLR,BLR,120,No,Crew
5/11/2022,AI5355,GoAir,BLR,PNQ,61,No,Technical
12/11/2024,AI3297,AirAsia India,DEL,CCU,246,No,Air Traffic
7/19/2022,AI9795,Vistara,CCU,PNQ,258,No,Technical
10/15/2020,AI9863,AirAsia India,CCU,BLR,228,No,Air Traffic
12/24/2021,AI2489,Vistara,HYD,HYD,138,No,Operational
6/11/2022,AI8058,Vistara,BLR,BOM,134,No,Crew
9/28/2020,AI892,IndiGo,DEL,BLR,225,No,Late Arrival
12/25/2022,AI5371,Vistara,DEL,HYD,216,No,Technical
4/27/2021,AI5021,Vistara,DEL,BLR,270,No,Weather
7/24/2022,AI6241,Air India,MAA,HYD,112,No,Late Arrival
9/4/2020,AI3607,SpiceJet,HYD,CCU,36,No,Technical
6/4/2020,AI452,AirAsia India,CCU,DEL,32,No,Late Arrival
12/6/2022,AI8307,AirAsia India,CCU,MAA,26,No,Weather
3/29/2021,AI8416,Vistara,MAA,BLR,218,No,Late Arrival
7/19/2020,AI4354,GoAir,BOM,MAA,35,No,Late Arrival
8/10/2024,AI1500,AirAsia India,MAA,BLR,283,No,Weather
5/3/2020,AI7301,Vistara,HYD,CCU,59,No,Weather
1/1/2020,AI5213,IndiGo,DEL,CCU,240,No,Weather
8/25/2022,AI4451,IndiGo,MAA,HYD,75,No,Operational
11/17/2024,AI1666,IndiGo,DEL,BLR,219,No,Air Traffic
5/4/2022,AI1639,Vistara,HYD,CCU,285,No,Air Traffic
10/1/2021,AI5743,Air India,PNQ,CCU,153,No,Weather
7/9/2020,AI1946,GoAir,HYD,BLR,138,No,Air Traffic
5/21/2024,AI6196,Vistara,BLR,HYD,283,No,Late Arrival
5/30/2021,AI1804,Air India,DEL,HYD,192,No,Weather
3/17/2021,AI9772,Air India,CCU,HYD,244,No,Technical
5/22/2020,AI6908,AirAsia India,MAA,HYD,40,No,Weather
4/29/2023,AI2015,Vistara,PNQ,DEL,10,No,Weather
6/16/2021,AI413,Vistara,HYD,BLR,105,No,Air Traffic
8/14/2020,AI1702,Air India,DEL,PNQ,203,No,Crew
8/29/2023,AI5726,Air India,PNQ,DEL,,Yes,
7/10/2024,AI2729,Air India,BOM,CCU,171,No,Late Arrival
8/6/2022,AI6124,AirAsia India,BLR,DEL,272,No,Air Traffic
8/18/2023,AI7059,Vistara,BOM,PNQ,144,No,Late Arrival
8/4/2024,AI2256,Air India,HYD,PNQ,266,No,Technical
4/4/2021,AI5536,IndiGo,BOM,PNQ,238,No,Operational
11/25/2023,AI1770,Vistara,BOM,HYD,109,No,Crew
7/4/2021,AI3114,AirAsia India,BLR,CCU,76,No,Technical
1/27/2021,AI1167,IndiGo,BLR,DEL,64,No,Technical
11/22/2024,AI7048,SpiceJet,BLR,DEL,140,No,Late Arrival
4/24/2022,AI5586,Vistara,PNQ,BLR,235,No,Crew
5/15/2023,AI2662,SpiceJet,BLR,DEL,188,No,Late Arrival
7/28/2020,AI3983,Air India,BOM,CCU,107,No,Operational
2/12/2023,AI2410,AirAsia India,CCU,HYD,287,No,Late Arrival
10/26/2024,AI1035,Air India,CCU,BLR,156,No,Weather
10/7/2021,AI3775,AirAsia India,BLR,DEL,168,No,Late Arrival
6/28/2023,AI1031,GoAir,PNQ,BLR,133,No,Weather
8/6/2020,AI8852,Air India,MAA,MAA,262,No,Technical
2/10/2021,AI260,SpiceJet,DEL,BLR,61,No,Operational
1/6/2024,AI2642,AirAsia India,HYD,PNQ,263,No,Air Traffic
6/14/2024,AI5377,Air India,PNQ,HYD,22,No,Weather
10/9/2023,AI565,Vistara,MAA,PNQ,257,No,Operational
6/6/2022,AI2927,AirAsia India,HYD,MAA,50,No,Late Arrival
7/11/2021,AI2634,AirAsia India,MAA,PNQ,166,No,Air Traffic
7/3/2021,AI8920,Air India,MAA,MAA,156,No,Late Arrival
5/21/2020,AI826,GoAir,CCU,BLR,229,No,Technical
9/3/2021,AI1395,Air India,DEL,CCU,36,No,Late Arrival
5/15/2021,AI7069,SpiceJet,MAA,HYD,33,No,Weather
4/19/2022,AI8030,SpiceJet,BLR,CCU,212,No,Technical
12/2/2021,AI2149,AirAsia India,HYD,HYD,46,No,Operational
4/19/2024,AI573,AirAsia India,PNQ,HYD,189,No,Technical
8/9/2024,AI3191,Air India,CCU,PNQ,151,No,Operational
4/14/2024,AI5701,SpiceJet,HYD,PNQ,22,No,Crew
3/10/2024,AI8793,SpiceJet,BLR,CCU,,Yes,
8/18/2021,AI9524,GoAir,BLR,BOM,248,No,Weather
10/7/2020,AI4174,Vistara,MAA,MAA,244,No,Weather
2/27/2021,AI8512,GoAir,BLR,PNQ,255,No,Operational
5/5/2022,AI3482,IndiGo,DEL,PNQ,78,No,Late Arrival
9/26/2020,AI7213,GoAir,BLR,PNQ,257,No,Air Traffic
6/2/2020,AI4881,Air India,MAA,BLR,184,No,Late Arrival
9/5/2021,AI6917,Vistara,HYD,CCU,52,No,Crew
10/16/2024,AI3020,Air India,BLR,CCU,24,No,Operational
10/23/2021,AI3623,IndiGo,CCU,PNQ,13,No,Crew
3/23/2020,AI4108,Vistara,PNQ,BLR,91,No,Operational
7/3/2024,AI4847,AirAsia India,CCU,PNQ,248,No,Crew
8/4/2022,AI5577,SpiceJet,CCU,MAA,267,No,Operational
6/17/2022,AI9513,GoAir,HYD,BLR,7,No,Weather
12/20/2023,AI1581,Air India,BOM,PNQ,151,No,Crew
7/22/2023,AI2458,IndiGo,PNQ,HYD,124,No,Crew
10/2/2024,AI7478,SpiceJet,CCU,BOM,120,No,Operational
10/10/2020,AI6541,GoAir,CCU,HYD,284,No,Technical
9/6/2022,AI4265,SpiceJet,BOM,BOM,174,No,Technical
6/21/2020,AI6731,GoAir,HYD,BLR,290,No,Weather
9/12/2023,AI3910,AirAsia India,PNQ,HYD,202,No,Late Arrival
10/7/2024,AI472,Vistara,CCU,MAA,276,No,Late Arrival
12/22/2022,AI569,SpiceJet,MAA,HYD,278,No,Weather
1/1/2023,AI594,SpiceJet,HYD,CCU,50,No,Late Arrival
2/1/2022,AI7460,SpiceJet,PNQ,BOM,66,No,Air Traffic
7/17/2024,AI9564,Vistara,CCU,BOM,137,No,Air Traffic
10/30/2023,AI4556,IndiGo,CCU,PNQ,201,No,Air Traffic
9/24/2021,AI9870,GoAir,BOM,MAA,200,No,Air Traffic
3/11/2024,AI5561,AirAsia India,PNQ,BOM,192,No,Operational
2/25/2022,AI1760,SpiceJet,MAA,BOM,105,No,Technical
7/31/2022,AI5651,Vistara,HYD,PNQ,162,No,Weather
10/8/2022,AI6457,IndiGo,BLR,MAA,251,No,Operational
2/1/2021,AI4516,GoAir,DEL,HYD,194,No,Air Traffic
2/17/2023,AI289,Vistara,MAA,BLR,156,No,Weather
7/22/2022,AI9666,AirAsia India,BLR,HYD,110,No,Technical
12/31/2023,AI9996,AirAsia India,MAA,CCU,233,No,Late Arrival
11/6/2021,AI9461,GoAir,PNQ,CCU,112,No,Operational
7/24/2022,AI3054,SpiceJet,BLR,BOM,280,No,Technical
4/9/2021,AI9529,AirAsia India,PNQ,CCU,9,No,Weather
10/12/2020,AI787,IndiGo,BLR,BLR,158,No,Crew
9/21/2020,AI7481,Vistara,MAA,BOM,232,No,Operational
11/15/2020,AI3060,IndiGo,BOM,PNQ,,Yes,
11/3/2021,AI1522,SpiceJet,MAA,CCU,,Yes,
10/31/2023,AI6888,IndiGo,PNQ,PNQ,199,No,Weather
3/30/2022,AI1065,IndiGo,MAA,DEL,122,No,Weather
3/29/2020,AI6215,Air India,BLR,DEL,221,No,Technical
8/4/2024,AI1792,IndiGo,DEL,DEL,10,No,Weather
5/11/2023,AI7375,GoAir,BLR,PNQ,123,No,Operational
3/31/2022,AI4259,Vistara,CCU,DEL,43,No,Air Traffic
10/28/2024,AI708,Air India,MAA,HYD,250,No,Operational
9/27/2022,AI356,Vistara,HYD,DEL,182,No,Weather
11/29/2020,AI127,Vistara,MAA,BOM,27,No,Technical
8/9/2020,AI1834,SpiceJet,BOM,MAA,260,No,Operational
2/10/2020,AI7183,SpiceJet,PNQ,HYD,169,No,Crew
9/27/2024,AI7989,Air India,HYD,MAA,40,No,Air Traffic
3/8/2020,AI1560,AirAsia India,BLR,BOM,216,No,Late Arrival
9/14/2022,AI8202,SpiceJet,BOM,BOM,194,No,Technical
12/4/2024,AI5228,SpiceJet,MAA,BLR,39,No,Technical
5/28/2021,AI2313,SpiceJet,BLR,HYD,277,No,Late Arrival
7/18/2024,AI2397,Vistara,BLR,MAA,198,No,Late Arrival
7/3/2024,AI1852,Air India,CCU,DEL,95,No,Operational
6/9/2024,AI1664,Vistara,CCU,BOM,240,No,Weather
7/13/2024,AI4983,GoAir,DEL,DEL,67,No,Weather
2/24/2023,AI9757,Vistara,CCU,MAA,,Yes,
7/2/2023,AI1484,GoAir,PNQ,PNQ,,Yes,
11/25/2021,AI9785,IndiGo,HYD,HYD,278,No,Crew
11/5/2022,AI998,IndiGo,BLR,CCU,72,No,Air Traffic
4/21/2021,AI3639,GoAir,CCU,PNQ,277,No,Weather
12/21/2022,AI3281,GoAir,DEL,PNQ,286,No,Crew
5/30/2022,AI3856,Vistara,MAA,CCU,280,No,Crew
3/7/2021,AI8880,GoAir,HYD,BOM,228,No,Technical
8/20/2024,AI4847,Air India,CCU,BLR,202,No,Technical
9/24/2020,AI362,IndiGo,BLR,DEL,161,No,Air Traffic
11/24/2022,AI6099,IndiGo,MAA,BOM,178,No,Operational
2/17/2022,AI7178,AirAsia India,PNQ,BLR,39,No,Late Arrival
5/18/2024,AI1989,GoAir,BLR,DEL,141,No,Late Arrival
5/8/2021,AI9990,SpiceJet,MAA,MAA,134,No,Air Traffic
5/4/2024,AI7921,SpiceJet,PNQ,PNQ,140,No,Crew
2/1/2024,AI451,GoAir,PNQ,PNQ,87,No,Air Traffic
11/25/2024,AI4334,Air India,HYD,CCU,25,No,Late Arrival
10/22/2021,AI9032,SpiceJet,BLR,BLR,206,No,Crew
9/10/2023,AI3854,AirAsia India,CCU,DEL,199,No,Late Arrival
8/20/2023,AI5687,GoAir,CCU,BOM,132,No,Operational
7/23/2023,AI3895,Air India,DEL,DEL,31,No,Technical
9/3/2024,AI7386,Air India,MAA,BOM,203,No,Technical
10/9/2022,AI2248,Vistara,DEL,PNQ,278,No,Crew
5/9/2023,AI5893,Air India,BOM,CCU,276,No,Air Traffic
1/8/2024,AI1677,SpiceJet,CCU,CCU,11,No,Late Arrival
9/9/2023,AI9340,SpiceJet,MAA,DEL,290,No,Weather
11/24/2022,AI960,GoAir,HYD,DEL,25,No,Operational
9/3/2022,AI7230,GoAir,DEL,BOM,167,No,Late Arrival
4/26/2021,AI9475,Air India,HYD,BOM,165,No,Weather
12/28/2021,AI8581,AirAsia India,HYD,BLR,212,No,Operational
4/24/2021,AI4781,IndiGo,HYD,PNQ,85,No,Operational
12/24/2022,AI560,Vistara,DEL,BLR,185,No,Technical
10/28/2022,AI3446,IndiGo,BOM,BLR,45,No,Crew
8/17/2023,AI9900,Air India,PNQ,DEL,288,No,Late Arrival
12/8/2020,AI9634,Air India,PNQ,HYD,67,No,Operational
12/25/2023,AI780,IndiGo,DEL,HYD,50,No,Late Arrival
12/18/2023,AI9487,Vistara,PNQ,HYD,100,No,Operational
11/27/2020,AI7689,IndiGo,BLR,HYD,122,No,Air Traffic
3/13/2021,AI616,GoAir,PNQ,BLR,114,No,Technical
5/30/2024,AI2152,SpiceJet,CCU,DEL,283,No,Crew
6/22/2020,AI5700,AirAsia India,DEL,HYD,108,No,Weather
7/12/2021,AI9246,GoAir,PNQ,CCU,261,No,Weather
6/10/2021,AI7797,SpiceJet,DEL,MAA,1,No,Air Traffic
10/20/2021,AI5508,AirAsia India,BOM,CCU,7,No,Technical
1/26/2020,AI2453,AirAsia India,BLR,DEL,,Yes,
3/30/2022,AI8157,AirAsia India,DEL,DEL,70,No,Operational
8/27/2021,AI1458,Air India,CCU,MAA,247,No,Technical
2/9/2021,AI4899,AirAsia India,PNQ,BOM,78,No,Crew
8/19/2020,AI8389,Vistara,CCU,BOM,,Yes,
6/16/2021,AI4173,IndiGo,PNQ,BOM,31,No,Weather
4/22/2024,AI6210,Vistara,DEL,BLR,290,No,Late Arrival
12/16/2024,AI2016,IndiGo,HYD,BOM,278,No,Weather
5/19/2021,AI4796,GoAir,PNQ,PNQ,201,No,Crew
8/19/2024,AI7636,GoAir,HYD,BLR,,Yes,
6/27/2020,AI7130,IndiGo,BLR,BLR,241,No,Operational
5/11/2020,AI969,Vistara,CCU,BOM,208,No,Technical
1/18/2024,AI499,IndiGo,HYD,BOM,156,No,Weather
12/13/2020,AI3833,AirAsia India,CCU,MAA,118,No,Weather
6/23/2021,AI248,Air India,PNQ,HYD,115,No,Late Arrival
2/10/2022,AI4640,GoAir,PNQ,MAA,256,No,Technical
11/30/2023,AI6868,Air India,BLR,BLR,,Yes,
3/16/2020,AI9015,AirAsia India,PNQ,MAA,289,No,Late Arrival
8/1/2021,AI8872,AirAsia India,BLR,BLR,,Yes,
5/3/2022,AI6573,GoAir,HYD,DEL,211,No,Late Arrival
2/24/2024,AI4519,GoAir,PNQ,BLR,140,No,Operational
7/12/2020,AI8380,AirAsia India,DEL,BLR,190,No,Weather
3/31/2023,AI3955,SpiceJet,MAA,MAA,260,No,Air Traffic
12/12/2020,AI1057,Air India,BOM,HYD,98,No,Technical
8/8/2022,AI6411,Air India,MAA,DEL,18,No,Operational
10/16/2023,AI9754,SpiceJet,MAA,CCU,124,No,Air Traffic
11/27/2024,AI4428,Vistara,CCU,CCU,72,No,Operational
5/26/2024,AI594,Air India,BLR,HYD,214,No,Operational
1/15/2023,AI3196,IndiGo,CCU,CCU,165,No,Crew
7/9/2023,AI1585,AirAsia India,HYD,DEL,192,No,Crew
8/1/2020,AI2385,AirAsia India,BOM,BOM,114,No,Operational
8/15/2024,AI6477,SpiceJet,HYD,DEL,160,No,Crew
10/11/2024,AI6711,Air India,DEL,MAA,298,No,Technical
7/26/2021,AI5861,Vistara,BOM,PNQ,59,No,Weather
2/18/2022,AI1530,Air India,CCU,BLR,28,No,Air Traffic
9/18/2020,AI5919,AirAsia India,PNQ,BLR,,Yes,
12/30/2021,AI1105,GoAir,PNQ,MAA,174,No,Technical
10/9/2020,AI9013,IndiGo,CCU,MAA,132,No,Weather
7/29/2024,AI7143,SpiceJet,HYD,PNQ,142,No,Crew
1/30/2024,AI3583,GoAir,CCU,PNQ,124,No,Air Traffic
11/4/2023,AI3381,Vistara,CCU,BLR,239,No,Technical
12/27/2020,AI1938,GoAir,MAA,PNQ,219,No,Late Arrival
1/12/2024,AI1945,GoAir,DEL,PNQ,83,No,Operational
3/16/2021,AI2705,Vistara,PNQ,PNQ,295,No,Weather
4/2/2020,AI3001,GoAir,MAA,HYD,182,No,Weather
7/2/2024,AI1450,SpiceJet,CCU,BOM,131,No,Late Arrival
1/22/2022,AI6762,AirAsia India,BLR,PNQ,184,No,Late Arrival
5/16/2022,AI5394,Air India,MAA,BOM,223,No,Operational
12/18/2023,AI1428,GoAir,CCU,BOM,66,No,Crew
5/21/2020,AI2997,SpiceJet,PNQ,MAA,191,No,Technical
8/7/2023,AI3541,Air India,CCU,PNQ,283,No,Technical
12/26/2023,AI1063,Air India,DEL,BLR,290,No,Technical
1/18/2022,AI4012,GoAir,HYD,HYD,76,No,Crew
9/8/2024,AI9586,SpiceJet,BOM,BLR,171,No,Operational
10/14/2021,AI3556,AirAsia India,MAA,PNQ,210,No,Technical
12/1/2021,AI2808,GoAir,MAA,BLR,63,No,Weather
9/24/2022,AI4778,Vistara,MAA,PNQ,106,No,Weather
2/18/2020,AI2804,Air India,CCU,HYD,143,No,Weather
8/18/2023,AI5757,GoAir,DEL,DEL,159,No,Late Arrival
5/30/2022,AI5973,Air India,CCU,HYD,120,No,Late Arrival
4/28/2023,AI5977,SpiceJet,CCU,DEL,5,No,Crew
3/5/2023,AI5509,IndiGo,HYD,CCU,,Yes,
7/8/2021,AI4996,GoAir,BLR,DEL,4,No,Technical
2/7/2021,AI2904,AirAsia India,DEL,BOM,66,No,Late Arrival
6/10/2022,AI5805,GoAir,MAA,BOM,124,No,Weather
5/14/2022,AI9719,Air India,BOM,HYD,118,No,Late Arrival
8/24/2021,AI511,SpiceJet,MAA,BOM,40,No,Weather
12/6/2020,AI7557,Vistara,CCU,BOM,5,No,Technical
11/15/2024,AI2961,AirAsia India,DEL,CCU,53,No,Crew
12/4/2021,AI4854,SpiceJet,PNQ,BOM,173,No,Operational
11/13/2020,AI6805,GoAir,DEL,MAA,8,No,Operational
9/9/2021,AI3398,Vistara,DEL,MAA,72,No,Weather
10/18/2023,AI648,SpiceJet,BLR,MAA,174,No,Late Arrival
1/16/2021,AI8456,IndiGo,MAA,DEL,287,No,Late Arrival
8/20/2020,AI4277,AirAsia India,BLR,HYD,243,No,Weather
12/5/2024,AI4721,Air India,PNQ,HYD,13,No,Technical
9/29/2023,AI2360,SpiceJet,PNQ,BLR,254,No,Weather
4/21/2024,AI5116,SpiceJet,HYD,CCU,273,No,Technical
3/27/2022,AI751,IndiGo,BOM,MAA,89,No,Crew
7/6/2021,AI1998,GoAir,HYD,MAA,164,No,Crew
4/1/2024,AI4216,AirAsia India,CCU,BOM,186,No,Weather
5/5/2022,AI1051,AirAsia India,BLR,MAA,18,No,Crew
12/17/2024,AI4248,Air India,BLR,BOM,86,No,Late Arrival
3/29/2022,AI815,SpiceJet,HYD,BOM,175,No,Technical
5/13/2024,AI6655,Vistara,CCU,BLR,0,No,
7/1/2020,AI4274,SpiceJet,DEL,DEL,71,No,Operational
11/30/2022,AI5250,Air India,CCU,BOM,4,No,Operational
4/23/2024,AI1831,SpiceJet,MAA,BOM,257,No,Crew
1/31/2021,AI9675,IndiGo,HYD,HYD,115,No,Technical
9/23/2024,AI8137,SpiceJet,CCU,BLR,197,No,Late Arrival
2/17/2022,AI8587,SpiceJet,DEL,BOM,271,No,Operational
2/26/2024,AI6914,Vistara,CCU,CCU,209,No,Late Arrival
8/9/2024,AI9103,IndiGo,BLR,DEL,22,No,Late Arrival
6/25/2022,AI6886,IndiGo,BOM,CCU,138,No,Operational
9/18/2023,AI3389,SpiceJet,BLR,MAA,253,No,Operational
5/6/2020,AI9988,AirAsia India,PNQ,DEL,86,No,Crew
4/30/2024,AI5253,Vistara,BOM,MAA,223,No,Technical
4/29/2024,AI7832,SpiceJet,PNQ,HYD,123,No,Weather
1/1/2020,AI9403,SpiceJet,CCU,PNQ,103,No,Technical
4/6/2023,AI3996,Air India,MAA,PNQ,132,No,Weather
7/1/2024,AI9463,Air India,CCU,PNQ,19,No,Operational
1/19/2020,AI7099,AirAsia India,DEL,BOM,68,No,Late Arrival
9/17/2023,AI7783,Vistara,CCU,BLR,34,No,Technical
8/6/2021,AI1707,GoAir,BOM,CCU,168,No,Late Arrival
3/31/2021,AI3074,Air India,BLR,MAA,119,No,Technical
8/14/2022,AI2395,GoAir,MAA,BOM,95,No,Air Traffic
2/6/2023,AI9660,IndiGo,PNQ,PNQ,60,No,Technical
7/15/2023,AI4248,Air India,CCU,CCU,,Yes,
3/20/2021,AI8003,Air India,CCU,CCU,219,No,Late Arrival
6/17/2023,AI970,Vistara,BLR,HYD,222,No,Air Traffic
8/17/2023,AI8525,AirAsia India,MAA,HYD,119,No,Crew
8/24/2021,AI5176,GoAir,HYD,PNQ,108,No,Operational
4/12/2020,AI217,Air India,PNQ,MAA,,Yes,
9/14/2022,AI3645,Air India,CCU,PNQ,219,No,Crew
6/27/2023,AI9437,Vistara,CCU,PNQ,278,No,Crew
1/16/2024,AI7352,Vistara,HYD,BOM,53,No,Technical
6/3/2021,AI4576,AirAsia India,PNQ,BLR,29,No,Operational
3/22/2023,AI7616,GoAir,BOM,PNQ,52,No,Air Traffic
5/8/2022,AI4515,IndiGo,BOM,MAA,261,No,Technical
6/22/2020,AI6463,AirAsia India,DEL,CCU,71,No,Weather
9/28/2023,AI9397,IndiGo,BLR,CCU,264,No,Technical
8/20/2024,AI3228,SpiceJet,MAA,DEL,284,No,Air Traffic
10/1/2022,AI6969,Air India,CCU,PNQ,42,No,Late Arrival
3/6/2021,AI5615,GoAir,PNQ,BOM,285,No,Technical
12/27/2021,AI3939,AirAsia India,CCU,DEL,202,No,Weather
9/8/2024,AI1577,Air India,DEL,HYD,80,No,Technical
9/6/2024,AI6588,GoAir,PNQ,BLR,73,No,Air Traffic
4/29/2022,AI8096,GoAir,PNQ,MAA,287,No,Weather
8/8/2024,AI4577,GoAir,CCU,PNQ,,Yes,
9/9/2023,AI2047,Air India,BLR,CCU,271,No,Operational
9/16/2022,AI2389,AirAsia India,DEL,BOM,49,No,Air Traffic
8/23/2024,AI5798,Vistara,BLR,CCU,213,No,Technical
9/30/2021,AI3074,Air India,DEL,PNQ,153,No,Weather
2/23/2021,AI4586,GoAir,CCU,HYD,,Yes,
8/16/2021,AI5354,AirAsia India,DEL,DEL,294,No,Air Traffic
4/29/2021,AI4478,SpiceJet,BOM,PNQ,202,No,Operational
8/9/2024,AI1768,IndiGo,PNQ,DEL,98,No,Late Arrival
11/9/2024,AI697,GoAir,MAA,MAA,289,No,Crew
2/15/2021,AI8082,SpiceJet,CCU,BOM,162,No,Weather
7/24/2022,AI4971,Vistara,HYD,HYD,58,No,Late Arrival
1/12/2023,AI4853,GoAir,MAA,BOM,154,No,Operational
2/10/2023,AI9003,SpiceJet,CCU,MAA,221,No,Late Arrival
10/26/2024,AI9725,GoAir,MAA,HYD,273,No,Technical
11/27/2020,AI3494,Air India,BOM,HYD,123,No,Crew
11/2/2023,AI449,AirAsia India,MAA,DEL,,Yes,
11/13/2024,AI5421,SpiceJet,DEL,DEL,297,No,Weather
10/16/2021,AI1249,AirAsia India,MAA,DEL,202,No,Air Traffic
2/10/2020,AI2499,Air India,CCU,CCU,283,No,Operational
11/28/2024,AI2545,Air India,HYD,BLR,75,No,Crew
8/16/2022,AI4080,AirAsia India,HYD,PNQ,298,No,Operational
12/25/2024,AI3442,SpiceJet,BLR,DEL,187,No,Late Arrival
4/14/2020,AI3835,AirAsia India,PNQ,BLR,119,No,Operational
7/20/2020,AI9181,AirAsia India,MAA,BLR,202,No,Operational
3/25/2021,AI1321,IndiGo,HYD,BOM,134,No,Late Arrival
7/13/2023,AI511,SpiceJet,MAA,MAA,231,No,Late Arrival
6/28/2022,AI8805,IndiGo,PNQ,CCU,67,No,Crew
7/28/2020,AI8860,GoAir,HYD,BLR,58,No,Weather
7/16/2021,AI3432,AirAsia India,PNQ,PNQ,83,No,Late Arrival
2/15/2023,AI5514,GoAir,MAA,CCU,276,No,Crew
12/13/2021,AI3615,SpiceJet,CCU,BOM,185,No,Operational
11/1/2023,AI9113,AirAsia India,MAA,DEL,151,No,Operational
4/23/2024,AI6914,GoAir,PNQ,HYD,299,No,Air Traffic
4/12/2024,AI6933,Vistara,CCU,BLR,221,No,Technical
2/9/2022,AI8237,Air India,CCU,MAA,76,No,Late Arrival
1/12/2023,AI4759,AirAsia India,BLR,HYD,224,No,Crew
3/29/2021,AI4251,Air India,HYD,BOM,173,No,Air Traffic
10/28/2021,AI6911,IndiGo,DEL,CCU,6,No,Crew
9/20/2021,AI2762,GoAir,CCU,PNQ,173,No,Weather
3/17/2024,AI8276,IndiGo,PNQ,DEL,147,No,Air Traffic
6/16/2024,AI9121,AirAsia India,HYD,CCU,163,No,Crew
8/28/2024,AI7597,Air India,BOM,MAA,145,No,Late Arrival
1/21/2021,AI8616,Air India,MAA,BLR,122,No,Crew
10/5/2023,AI5564,GoAir,PNQ,MAA,46,No,Technical
10/22/2020,AI7939,AirAsia India,BOM,CCU,9,No,Operational
9/14/2020,AI2658,Vistara,PNQ,CCU,180,No,Operational
1/9/2023,AI2338,Vistara,MAA,HYD,227,No,Air Traffic
9/24/2020,AI8506,GoAir,BLR,MAA,166,No,Crew
2/22/2021,AI1091,AirAsia India,PNQ,MAA,40,No,Crew
8/22/2020,AI2954,GoAir,CCU,MAA,81,No,Crew
8/27/2023,AI7348,AirAsia India,DEL,DEL,187,No,Crew
9/12/2022,AI1990,IndiGo,CCU,PNQ,78,No,Technical
10/12/2023,AI3148,GoAir,MAA,CCU,232,No,Late Arrival
5/21/2023,AI3893,AirAsia India,PNQ,BOM,170,No,Technical
7/27/2021,AI1101,Vistara,DEL,DEL,219,No,Technical
2/18/2020,AI1490,AirAsia India,CCU,DEL,183,No,Technical
2/24/2023,AI5425,AirAsia India,DEL,DEL,270,No,Operational
8/10/2020,AI8084,GoAir,MAA,HYD,50,No,Technical
7/9/2022,AI2558,IndiGo,BLR,PNQ,260,No,Crew
7/26/2023,AI2304,IndiGo,BLR,PNQ,176,No,Technical
12/2/2023,AI4059,IndiGo,PNQ,BOM,44,No,Crew
3/8/2024,AI9601,IndiGo,CCU,MAA,98,No,Air Traffic
8/10/2023,AI8594,SpiceJet,BOM,HYD,136,No,Late Arrival
12/24/2024,AI8237,GoAir,MAA,CCU,127,No,Operational
10/3/2020,AI1791,Air India,CCU,BLR,154,No,Late Arrival
1/1/2024,AI5294,GoAir,CCU,HYD,24,No,Air Traffic
2/4/2023,AI7350,SpiceJet,BLR,BLR,293,No,Late Arrival
8/8/2024,AI8267,IndiGo,PNQ,CCU,126,No,Operational
2/23/2021,AI9741,SpiceJet,DEL,BOM,207,No,Crew
9/2/2021,AI9488,Vistara,MAA,PNQ,34,No,Air Traffic
12/23/2023,AI9546,Vistara,DEL,BLR,64,No,Air Traffic
1/9/2021,AI2558,GoAir,HYD,DEL,180,No,Crew
3/13/2020,AI6657,GoAir,HYD,HYD,217,No,Crew
7/15/2024,AI123,Air India,MAA,BLR,27,No,Operational
11/19/2022,AI7527,Air India,PNQ,CCU,241,No,Technical
4/26/2023,AI4311,Vistara,BOM,PNQ,93,No,Weather
10/19/2023,AI2430,IndiGo,HYD,DEL,157,No,Technical
12/28/2024,AI659,SpiceJet,BLR,BLR,287,No,Technical
1/14/2024,AI3365,Air India,BOM,PNQ,263,No,Late Arrival
7/13/2020,AI2457,AirAsia India,CCU,CCU,128,No,Weather
3/25/2023,AI7425,Air India,HYD,BOM,179,No,Crew
4/10/2023,AI6363,IndiGo,BLR,CCU,,Yes,
4/26/2022,AI3777,IndiGo,CCU,BOM,251,No,Technical
11/30/2022,AI5136,GoAir,BOM,PNQ,88,No,Operational
12/22/2022,AI2670,SpiceJet,MAA,PNQ,108,No,Technical
1/23/2020,AI6513,IndiGo,CCU,DEL,204,No,Crew
12/25/2020,AI940,Air India,DEL,CCU,207,No,Technical
1/3/2023,AI4623,Air India,MAA,MAA,207,No,Air Traffic
7/13/2021,AI1587,Vistara,MAA,HYD,100,No,Late Arrival
11/2/2021,AI8014,IndiGo,BOM,MAA,100,No,Late Arrival
2/15/2023,AI3372,AirAsia India,BOM,MAA,170,No,Technical
6/23/2024,AI2265,GoAir,BLR,MAA,147,No,Late Arrival
11/4/2023,AI1821,SpiceJet,BLR,HYD,201,No,Operational
11/9/2021,AI288,AirAsia India,DEL,MAA,261,No,Weather
8/6/2023,AI458,GoAir,MAA,BOM,13,No,Technical
3/15/2021,AI6673,Air India,PNQ,CCU,285,No,Operational
8/18/2024,AI5028,AirAsia India,DEL,PNQ,273,No,Air Traffic
7/21/2022,AI1573,GoAir,DEL,DEL,195,No,Operational
1/7/2020,AI4917,Air India,PNQ,MAA,254,No,Operational
5/4/2023,AI8398,Air India,PNQ,PNQ,34,No,Air Traffic
2/24/2021,AI6052,Air India,PNQ,MAA,141,No,Crew
5/10/2024,AI6788,Air India,BOM,DEL,192,No,Technical
4/12/2022,AI636,Air India,DEL,DEL,281,No,Technical
5/1/2023,AI6587,Vistara,DEL,MAA,,Yes,
7/12/2021,AI8840,AirAsia India,CCU,BOM,39,No,Technical
3/17/2023,AI8021,GoAir,PNQ,PNQ,46,No,Weather
12/15/2024,AI8400,Vistara,PNQ,DEL,270,No,Operational
8/19/2024,AI8194,Vistara,BLR,CCU,5,No,Technical
5/10/2023,AI794,IndiGo,BLR,PNQ,279,No,Late Arrival
1/7/2024,AI2588,IndiGo,MAA,CCU,58,No,Crew
7/2/2022,AI1606,IndiGo,BLR,PNQ,278,No,Air Traffic
12/13/2023,AI6754,SpiceJet,HYD,BOM,76,No,Air Traffic
12/21/2023,AI9940,IndiGo,MAA,HYD,244,No,Weather
10/3/2022,AI970,GoAir,PNQ,BLR,236,No,Air Traffic
2/11/2024,AI2968,Vistara,CCU,BOM,298,No,Crew
2/7/2024,AI7876,GoAir,BLR,MAA,29,No,Operational
5/5/2020,AI4156,AirAsia India,CCU,BLR,273,No,Air Traffic
1/29/2021,AI302,IndiGo,BLR,MAA,225,No,Air Traffic
3/27/2022,AI4019,SpiceJet,BLR,CCU,29,No,Late Arrival
5/30/2022,AI4389,AirAsia India,CCU,DEL,56,No,Operational
7/29/2021,AI4007,SpiceJet,DEL,PNQ,155,No,Technical
11/20/2020,AI6007,AirAsia India,DEL,MAA,14,No,Crew
11/16/2023,AI6137,Vistara,DEL,CCU,295,No,Air Traffic
7/18/2022,AI9082,GoAir,HYD,BOM,,Yes,
9/7/2024,AI3965,Air India,DEL,MAA,9,No,Late Arrival
7/9/2024,AI5674,GoAir,BLR,CCU,200,No,Crew
1/3/2024,AI2351,IndiGo,PNQ,DEL,72,No,Weather
5/12/2023,AI8741,Air India,BOM,PNQ,112,No,Late Arrival
2/18/2024,AI1248,SpiceJet,CCU,MAA,204,No,Weather
4/12/2022,AI5034,Vistara,PNQ,HYD,84,No,Air Traffic
11/20/2022,AI3095,Vistara,BOM,CCU,140,No,Late Arrival
11/12/2023,AI2231,SpiceJet,PNQ,MAA,80,No,Technical
7/6/2024,AI3018,IndiGo,HYD,DEL,59,No,Crew
12/28/2023,AI4830,SpiceJet,BOM,PNQ,236,No,Crew
4/16/2022,AI7782,AirAsia India,MAA,MAA,20,No,Operational
7/14/2022,AI2595,IndiGo,DEL,MAA,233,No,Late Arrival
10/31/2023,AI9495,Air India,HYD,PNQ,55,No,Late Arrival
9/29/2023,AI1106,SpiceJet,PNQ,HYD,291,No,Weather
3/18/2021,AI2556,IndiGo,BLR,CCU,222,No,Late Arrival
5/21/2024,AI2124,Air India,DEL,BLR,129,No,Crew
3/15/2020,AI2273,SpiceJet,DEL,PNQ,1,No,Late Arrival
7/10/2021,AI1035,Vistara,BOM,MAA,,Yes,
11/30/2024,AI848,SpiceJet,MAA,BLR,182,No,Operational
8/16/2024,AI8354,GoAir,DEL,BOM,16,No,Operational
3/24/2023,AI6078,SpiceJet,PNQ,MAA,125,No,Crew
12/24/2023,AI4450,GoAir,PNQ,BLR,233,No,Crew
12/28/2020,AI664,Air India,CCU,BOM,34,No,Crew
3/23/2021,AI7946,SpiceJet,CCU,HYD,179,No,Late Arrival
6/11/2023,AI6078,Air India,DEL,CCU,154,No,Late Arrival
5/5/2024,AI9364,Air India,BOM,MAA,41,No,Technical
9/18/2020,AI3701,IndiGo,BOM,CCU,,Yes,
5/4/2020,AI908,Air India,BLR,BOM,143,No,Air Traffic
6/29/2022,AI2369,Air India,HYD,CCU,241,No,Air Traffic
9/1/2020,AI7043,SpiceJet,HYD,CCU,263,No,Weather
6/25/2021,AI3591,SpiceJet,HYD,PNQ,141,No,Late Arrival
4/29/2021,AI753,Vistara,MAA,DEL,256,No,Technical
5/1/2020,AI442,IndiGo,BOM,BOM,84,No,Technical
5/4/2020,AI1101,Air India,BLR,CCU,136,No,Operational
4/21/2024,AI3022,IndiGo,CCU,BLR,120,No,Late Arrival
6/18/2020,AI6385,GoAir,PNQ,BOM,177,No,Technical
5/3/2020,AI867,Air India,HYD,DEL,229,No,Operational
11/24/2022,AI7276,IndiGo,CCU,MAA,109,No,Weather
1/15/2023,AI7290,Vistara,CCU,HYD,121,No,Operational
10/7/2021,AI6481,Vistara,DEL,CCU,190,No,Weather
9/27/2024,AI5665,Air India,MAA,BLR,150,No,Air Traffic
2/24/2022,AI3239,GoAir,BLR,DEL,170,No,Air Traffic
7/19/2020,AI8483,Vistara,MAA,BOM,236,No,Crew
1/3/2021,AI5383,Vistara,DEL,HYD,208,No,Crew
3/7/2022,AI2602,GoAir,BLR,HYD,51,No,Operational
3/17/2020,AI5703,IndiGo,BLR,CCU,66,No,Crew
2/28/2020,AI3969,Vistara,BOM,DEL,203,No,Late Arrival
3/6/2021,AI4201,SpiceJet,MAA,DEL,225,No,Operational
9/29/2021,AI5965,AirAsia India,MAA,BLR,160,No,Technical
3/3/2024,AI482,AirAsia India,BOM,MAA,271,No,Late Arrival
4/18/2020,AI5291,Vistara,CCU,MAA,,Yes,
10/25/2024,AI472,IndiGo,DEL,PNQ,229,No,Operational
10/4/2022,AI8880,IndiGo,MAA,MAA,6,No,Air Traffic
7/25/2023,AI7710,Air India,BOM,PNQ,13,No,Weather
3/8/2020,AI9957,SpiceJet,PNQ,HYD,100,No,Crew
12/28/2022,AI9246,IndiGo,BLR,HYD,178,No,Crew
4/3/2023,AI9869,GoAir,HYD,BOM,300,No,Crew
2/21/2024,AI5599,SpiceJet,PNQ,HYD,252,No,Operational
10/31/2020,AI6965,AirAsia India,BOM,HYD,3,No,Late Arrival
11/4/2021,AI6690,SpiceJet,HYD,DEL,16,No,Weather
12/30/2020,AI9720,GoAir,CCU,BOM,18,No,Crew
3/31/2022,AI7453,Vistara,DEL,DEL,213,No,Late Arrival
11/3/2023,AI7620,GoAir,HYD,BLR,136,No,Technical
12/8/2020,AI8654,GoAir,CCU,PNQ,87,No,Air Traffic
8/4/2022,AI7891,Vistara,HYD,PNQ,174,No,Technical
6/17/2022,AI5771,Vistara,BLR,BLR,4,No,Weather
4/26/2024,AI3960,Vistara,BLR,PNQ,159,No,Crew
10/9/2023,AI6987,Vistara,BLR,BOM,39,No,Technical
12/10/2023,AI5077,Vistara,BLR,BOM,119,No,Air Traffic
2/6/2023,AI1335,GoAir,BOM,HYD,16,No,Late Arrival
5/5/2024,AI1054,Air India,BLR,PNQ,67,No,Late Arrival
1/31/2022,AI3833,Air India,PNQ,BLR,178,No,Technical
2/29/2024,AI799,IndiGo,BLR,CCU,119,No,Crew
12/6/2020,AI2545,Air India,PNQ,MAA,236,No,Air Traffic
7/30/2022,AI199,AirAsia India,BOM,HYD,214,No,Weather
1/17/2021,AI2349,Air India,BLR,MAA,238,No,Crew
9/30/2022,AI1916,GoAir,CCU,BLR,122,No,Operational
4/5/2024,AI9402,Vistara,CCU,PNQ,13,No,Technical
10/26/2020,AI502,Vistara,MAA,PNQ,130,No,Operational
5/18/2020,AI8473,GoAir,CCU,MAA,114,No,Technical
12/24/2020,AI7349,AirAsia India,DEL,CCU,295,No,Weather
4/15/2022,AI1155,Air India,DEL,PNQ,98,No,Crew
3/2/2024,AI1517,GoAir,DEL,CCU,161,No,Air Traffic
11/9/2023,AI1354,IndiGo,BOM,DEL,245,No,Crew
6/15/2024,AI9481,Vistara,CCU,BOM,228,No,Technical
7/27/2023,AI2877,SpiceJet,PNQ,MAA,223,No,Late Arrival
7/18/2024,AI6943,IndiGo,DEL,PNQ,153,No,Operational
4/27/2021,AI9848,AirAsia India,MAA,CCU,80,No,Air Traffic
6/27/2022,AI9675,IndiGo,BOM,PNQ,222,No,Air Traffic
2/8/2023,AI3505,GoAir,MAA,BOM,177,No,Crew
5/15/2022,AI8544,Air India,CCU,BOM,8,No,Crew
5/18/2020,AI5523,Vistara,BLR,DEL,,Yes,
9/22/2022,AI9869,AirAsia India,MAA,BOM,172,No,Technical
3/10/2021,AI2784,AirAsia India,BLR,BOM,114,No,Late Arrival
5/23/2021,AI5474,SpiceJet,BOM,HYD,107,No,Operational
9/29/2020,AI1196,IndiGo,MAA,BLR,300,No,Late Arrival
1/27/2023,AI2784,SpiceJet,MAA,PNQ,139,No,Air Traffic
11/22/2024,AI5152,Air India,HYD,DEL,297,No,Late Arrival
4/13/2020,AI6774,Air India,BOM,DEL,145,No,Technical
5/22/2023,AI8166,SpiceJet,BOM,MAA,154,No,Late Arrival
11/19/2024,AI8830,Vistara,DEL,BOM,183,No,Operational
8/14/2024,AI4295,Air India,CCU,MAA,67,No,Air Traffic
1/31/2022,AI8239,SpiceJet,MAA,HYD,202,No,Weather
2/25/2022,AI5154,IndiGo,MAA,CCU,238,No,Air Traffic
6/13/2020,AI1486,SpiceJet,PNQ,BOM,213,No,Weather
9/25/2022,AI1337,SpiceJet,BOM,CCU,253,No,Operational
6/3/2021,AI1412,GoAir,BOM,BLR,131,No,Air Traffic
7/31/2023,AI674,Air India,CCU,HYD,21,No,Air Traffic
5/31/2021,AI1774,Vistara,BOM,BOM,5,No,Air Traffic
10/18/2021,AI4667,Vistara,BLR,MAA,50,No,Air Traffic
9/4/2021,AI8726,GoAir,BLR,MAA,239,No,Technical
6/12/2020,AI6712,AirAsia India,HYD,BOM,62,No,Crew
8/9/2024,AI1892,Vistara,BLR,PNQ,241,No,Air Traffic
3/4/2020,AI7897,SpiceJet,BLR,MAA,20,No,Technical
1/19/2023,AI2107,GoAir,CCU,PNQ,124,No,Operational
2/14/2023,AI7750,IndiGo,MAA,BOM,58,No,Air Traffic
9/23/2020,AI7805,Air India,BLR,DEL,201,No,Late Arrival
9/4/2024,AI7599,Air India,HYD,MAA,142,No,Air Traffic
5/1/2024,AI1398,Air India,BOM,PNQ,192,No,Air Traffic
3/9/2023,AI5177,SpiceJet,BLR,BOM,226,No,Weather
9/2/2020,AI9021,IndiGo,HYD,BOM,283,No,Late Arrival
8/11/2024,AI7765,GoAir,CCU,PNQ,277,No,Air Traffic
11/16/2024,AI7649,GoAir,PNQ,MAA,227,No,Air Traffic
1/29/2021,AI6260,Air India,PNQ,DEL,80,No,Air Traffic
2/19/2024,AI509,IndiGo,PNQ,MAA,223,No,Technical
4/20/2021,AI6117,IndiGo,BOM,BOM,122,No,Operational
3/20/2024,AI2540,IndiGo,HYD,DEL,233,No,Weather
9/3/2022,AI8415,Vistara,BLR,CCU,90,No,Air Traffic
4/22/2023,AI3528,Vistara,MAA,BLR,271,No,Operational
11/9/2022,AI7311,Air India,BOM,MAA,236,No,Weather
7/11/2021,AI7730,IndiGo,BOM,HYD,281,No,Weather
10/14/2022,AI1434,AirAsia India,PNQ,BOM,132,No,Weather
3/27/2024,AI9566,IndiGo,MAA,DEL,267,No,Air Traffic
5/24/2024,AI6538,GoAir,PNQ,PNQ,24,No,Technical
4/1/2024,AI3378,GoAir,BOM,PNQ,81,No,Air Traffic
6/1/2022,AI974,Air India,BLR,PNQ,69,No,Air Traffic
5/26/2020,AI9080,AirAsia India,PNQ,DEL,112,No,Operational
10/27/2021,AI719,IndiGo,PNQ,CCU,204,No,Crew
8/20/2023,AI372,AirAsia India,PNQ,MAA,,Yes,
9/11/2021,AI1771,Air India,BOM,HYD,91,No,Crew
11/6/2024,AI3437,GoAir,BLR,PNQ,179,No,Crew
3/30/2022,AI5554,GoAir,MAA,DEL,229,No,Operational
5/13/2022,AI5920,Vistara,DEL,PNQ,134,No,Late Arrival
8/4/2021,AI6783,Air India,MAA,CCU,9,No,Operational
10/19/2022,AI3898,Air India,BLR,BOM,140,No,Weather
11/25/2021,AI2475,IndiGo,CCU,PNQ,54,No,Air Traffic
11/20/2024,AI8376,IndiGo,PNQ,CCU,151,No,Late Arrival
6/5/2023,AI4375,Vistara,MAA,MAA,160,No,Weather
1/30/2023,AI2681,SpiceJet,CCU,PNQ,221,No,Air Traffic
5/29/2024,AI6972,AirAsia India,CCU,CCU,258,No,Air Traffic
12/11/2023,AI5632,SpiceJet,BLR,DEL,168,No,Weather
5/24/2023,AI6113,SpiceJet,BLR,DEL,205,No,Operational
2/10/2021,AI6056,Air India,PNQ,BLR,,Yes,
2/2/2021,AI3229,AirAsia India,DEL,CCU,78,No,Crew
12/15/2021,AI511,Air India,HYD,BOM,,Yes,
12/4/2021,AI2054,AirAsia India,BOM,PNQ,72,No,Late Arrival
1/30/2022,AI7041,GoAir,MAA,HYD,159,No,Air Traffic
5/13/2021,AI7385,Air India,BLR,HYD,152,No,Technical
11/12/2024,AI448,Air India,MAA,MAA,292,No,Air Traffic
1/28/2024,AI7984,Air India,HYD,BLR,176,No,Crew
9/10/2024,AI6391,Vistara,HYD,CCU,246,No,Air Traffic
8/31/2022,AI833,Air India,PNQ,BOM,166,No,Technical
10/20/2024,AI1218,IndiGo,CCU,BLR,188,No,Operational
3/22/2020,AI2579,IndiGo,PNQ,DEL,295,No,Air Traffic
8/26/2021,AI9136,AirAsia India,BOM,MAA,119,No,Late Arrival
9/6/2024,AI1975,GoAir,DEL,PNQ,,Yes,
11/9/2024,AI433,Vistara,MAA,PNQ,150,No,Operational
2/10/2022,AI1546,AirAsia India,BOM,PNQ,63,No,Technical
6/21/2022,AI7881,IndiGo,DEL,CCU,134,No,Weather
12/30/2020,AI2919,Vistara,MAA,HYD,83,No,Air Traffic
6/11/2020,AI7421,Vistara,BOM,BOM,3,No,Operational
12/7/2022,AI1410,GoAir,BLR,PNQ,206,No,Air Traffic
5/25/2021,AI105,Vistara,MAA,PNQ,139,No,Late Arrival
9/14/2023,AI6922,Air India,BOM,DEL,92,No,Air Traffic
4/25/2020,AI6311,Vistara,HYD,BLR,237,No,Operational
7/29/2022,AI5415,GoAir,DEL,PNQ,266,No,Crew
12/2/2020,AI7273,AirAsia India,BOM,MAA,,Yes,
5/30/2022,AI5835,GoAir,BLR,BLR,145,No,Operational
1/6/2022,AI962,GoAir,PNQ,HYD,111,No,Technical
4/19/2022,AI6106,IndiGo,MAA,BLR,223,No,Operational
5/26/2020,AI5603,Air India,MAA,BOM,260,No,Late Arrival
5/17/2024,AI1115,IndiGo,MAA,DEL,176,No,Operational
9/8/2023,AI7256,AirAsia India,BLR,CCU,48,No,Operational
3/18/2021,AI7424,SpiceJet,DEL,BOM,72,No,Late Arrival
4/16/2022,AI4847,AirAsia India,MAA,HYD,,Yes,
11/2/2022,AI8055,Air India,DEL,MAA,30,No,Operational
7/31/2022,AI3042,Vistara,BOM,HYD,225,No,Late Arrival
2/26/2024,AI4577,GoAir,HYD,HYD,18,No,Technical
9/20/2024,AI8299,SpiceJet,HYD,BLR,86,No,Late Arrival
10/13/2020,AI6690,Air India,DEL,MAA,148,No,Technical
12/20/2021,AI6101,IndiGo,DEL,BOM,101,No,Technical
2/11/2023,AI5369,GoAir,HYD,HYD,104,No,Late Arrival
4/24/2021,AI1070,AirAsia India,MAA,BOM,261,No,Operational
1/22/2020,AI4047,IndiGo,CCU,PNQ,185,No,Air Traffic
10/4/2023,AI5986,Air India,CCU,PNQ,137,No,Crew
10/15/2024,AI720,Air India,BLR,PNQ,78,No,Air Traffic
11/13/2021,AI168,AirAsia India,PNQ,CCU,21,No,Late Arrival
5/8/2024,AI181,SpiceJet,HYD,BLR,,Yes,
6/24/2022,AI1981,AirAsia India,HYD,BOM,212,No,Operational
11/15/2020,AI3835,Vistara,BLR,PNQ,41,No,Technical
5/5/2020,AI5871,IndiGo,CCU,PNQ,274,No,Weather
10/3/2020,AI7995,SpiceJet,BOM,MAA,161,No,Crew
5/12/2023,AI3450,GoAir,MAA,HYD,46,No,Air Traffic
7/12/2020,AI3985,Vistara,MAA,PNQ,69,No,Operational
8/31/2024,AI5101,SpiceJet,BOM,CCU,272,No,Crew
8/14/2024,AI9339,IndiGo,BOM,MAA,,Yes,
4/19/2024,AI6459,Air India,CCU,BLR,226,No,Weather
11/26/2021,AI1354,GoAir,BLR,CCU,294,No,Weather
8/2/2023,AI3772,AirAsia India,BOM,CCU,108,No,Weather
2/26/2020,AI2494,IndiGo,BLR,CCU,204,No,Air Traffic
10/23/2024,AI1909,Vistara,PNQ,HYD,72,No,Late Arrival
8/19/2023,AI7565,Vistara,DEL,PNQ,,Yes,
4/1/2023,AI8492,Air India,MAA,DEL,179,No,Crew
1/19/2020,AI4868,Air India,CCU,CCU,105,No,Late Arrival
10/25/2023,AI7440,GoAir,MAA,MAA,9,No,Weather
9/20/2020,AI1328,AirAsia India,CCU,MAA,228,No,Operational
3/4/2022,AI7938,GoAir,DEL,BLR,53,No,Weather
4/22/2020,AI9077,Air India,MAA,BOM,181,No,Late Arrival
2/20/2024,AI3948,Air India,DEL,BOM,25,No,Weather
9/12/2023,AI2618,Vistara,CCU,DEL,91,No,Weather
6/25/2021,AI6225,Air India,BOM,HYD,156,No,Late Arrival
10/8/2021,AI3120,SpiceJet,PNQ,PNQ,107,No,Late Arrival
8/1/2021,AI5149,IndiGo,MAA,HYD,165,No,Operational
12/24/2022,AI5916,Air India,DEL,PNQ,253,No,Late Arrival
8/8/2023,AI6586,GoAir,HYD,CCU,44,No,Operational
1/25/2020,AI4475,AirAsia India,MAA,PNQ,153,No,Technical
4/21/2024,AI7848,AirAsia India,MAA,DEL,264,No,Technical
1/1/2020,AI5132,AirAsia India,MAA,BLR,53,No,Late Arrival
6/29/2022,AI9857,SpiceJet,BLR,BLR,146,No,Weather
4/21/2024,AI7371,GoAir,DEL,BOM,43,No,Crew
5/20/2020,AI6644,SpiceJet,DEL,BLR,225,No,Weather
11/2/2024,AI3886,Air India,MAA,CCU,188,No,Late Arrival
10/9/2021,AI6066,IndiGo,BOM,MAA,97,No,Operational
7/6/2020,AI3707,AirAsia India,MAA,BLR,278,No,Weather
2/25/2023,AI3792,GoAir,BLR,DEL,156,No,Technical
7/19/2020,AI1280,AirAsia India,CCU,CCU,277,No,Air Traffic
2/24/2023,AI8702,SpiceJet,BLR,BLR,131,No,Late Arrival
9/13/2020,AI9706,Vistara,BOM,HYD,,Yes,
8/26/2024,AI8469,Air India,MAA,PNQ,21,No,Weather
6/30/2021,AI2698,IndiGo,DEL,BLR,129,No,Air Traffic
7/12/2020,AI5756,Air India,PNQ,HYD,243,No,Weather
12/3/2021,AI8581,Vistara,HYD,CCU,223,No,Operational
2/1/2023,AI432,IndiGo,MAA,BLR,130,No,Operational
4/7/2024,AI7712,Vistara,BOM,HYD,284,No,Operational
7/12/2023,AI3676,Air India,DEL,MAA,108,No,Air Traffic
3/12/2022,AI8434,SpiceJet,BLR,BOM,134,No,Crew
7/30/2022,AI2347,Air India,CCU,CCU,162,No,Air Traffic
11/8/2023,AI7227,Air India,CCU,HYD,150,No,Late Arrival
7/7/2023,AI470,Air India,PNQ,DEL,66,No,Late Arrival
2/17/2021,AI6924,GoAir,MAA,BLR,283,No,Technical
10/13/2023,AI4021,Vistara,BLR,HYD,56,No,Technical
1/3/2023,AI651,Vistara,PNQ,PNQ,134,No,Late Arrival
10/10/2023,AI4379,AirAsia India,HYD,HYD,283,No,Weather
5/26/2024,AI609,Vistara,HYD,HYD,13,No,Late Arrival
11/29/2024,AI8654,AirAsia India,PNQ,PNQ,180,No,Crew
6/28/2022,AI6113,GoAir,BOM,BOM,134,No,Technical
7/6/2020,AI2649,SpiceJet,CCU,PNQ,247,No,Technical
9/4/2024,AI4551,AirAsia India,BLR,PNQ,285,No,Air Traffic
8/6/2023,AI1234,Air India,MAA,DEL,263,No,Technical
2/14/2020,AI5260,SpiceJet,DEL,PNQ,191,No,Late Arrival
5/15/2024,AI3844,GoAir,MAA,DEL,18,No,Technical
3/23/2020,AI1613,Vistara,MAA,MAA,16,No,Technical
2/20/2023,AI3067,AirAsia India,BLR,PNQ,235,No,Air Traffic
12/23/2020,AI8008,Air India,CCU,BOM,121,No,Late Arrival
3/31/2024,AI8706,IndiGo,BLR,PNQ,154,No,Weather
12/25/2022,AI1841,IndiGo,DEL,HYD,44,No,Technical
7/24/2022,AI899,SpiceJet,PNQ,CCU,5,No,Technical
8/7/2024,AI3895,Vistara,BLR,BOM,179,No,Technical
1/9/2021,AI7369,IndiGo,BOM,PNQ,113,No,Crew
6/10/2020,AI2833,SpiceJet,MAA,BOM,1,No,Late Arrival
11/4/2024,AI3204,GoAir,CCU,DEL,120,No,Technical
11/4/2023,AI242,SpiceJet,HYD,MAA,156,No,Crew
8/6/2024,AI145,SpiceJet,DEL,MAA,113,No,Weather
10/13/2023,AI3959,SpiceJet,HYD,BOM,134,No,Weather
4/26/2023,AI2903,Air India,MAA,BOM,258,No,Air Traffic
11/17/2020,AI5297,SpiceJet,BLR,PNQ,51,No,Air Traffic
3/25/2021,AI8643,AirAsia India,HYD,BLR,164,No,Air Traffic
2/6/2024,AI8389,SpiceJet,BOM,HYD,230,No,Crew
11/2/2022,AI7275,Air India,BLR,DEL,288,No,Weather
7/2/2020,AI2929,Air India,MAA,HYD,257,No,Air Traffic
4/20/2020,AI499,GoAir,HYD,CCU,227,No,Operational
5/22/2021,AI5225,Vistara,PNQ,CCU,81,No,Air Traffic
8/6/2023,AI6881,IndiGo,DEL,MAA,119,No,Weather
10/21/2020,AI8282,IndiGo,HYD,DEL,36,No,Operational
1/14/2024,AI1208,SpiceJet,PNQ,HYD,263,No,Crew
6/22/2022,AI7363,GoAir,PNQ,MAA,270,No,Operational
5/23/2023,AI3054,SpiceJet,HYD,CCU,262,No,Weather
8/31/2022,AI9525,IndiGo,CCU,BOM,190,No,Technical
9/23/2021,AI2759,Air India,HYD,DEL,132,No,Operational
5/9/2024,AI872,Vistara,MAA,DEL,117,No,Weather
11/16/2022,AI5737,GoAir,PNQ,HYD,144,No,Air Traffic
7/11/2024,AI3231,Air India,DEL,PNQ,180,No,Technical
1/2/2022,AI5796,Vistara,MAA,BLR,154,No,Crew
6/8/2023,AI2083,GoAir,BOM,HYD,59,No,Crew
5/7/2024,AI9816,GoAir,BLR,BOM,46,No,Late Arrival
11/16/2020,AI339,IndiGo,HYD,PNQ,229,No,Crew
7/1/2022,AI3372,Air India,CCU,PNQ,61,No,Late Arrival
6/10/2023,AI7632,GoAir,DEL,PNQ,139,No,Crew
8/20/2024,AI9713,AirAsia India,CCU,BOM,23,No,Crew
3/12/2021,AI5223,GoAir,CCU,MAA,107,No,Crew
2/19/2022,AI4546,Vistara,CCU,DEL,134,No,Late Arrival
4/5/2024,AI6523,IndiGo,HYD,MAA,266,No,Air Traffic
11/27/2023,AI8043,SpiceJet,DEL,BOM,282,No,Late Arrival
12/12/2022,AI1982,IndiGo,DEL,BLR,118,No,Operational
12/15/2024,AI2227,SpiceJet,PNQ,DEL,184,No,Weather
8/29/2023,AI9732,Air India,CCU,BOM,4,No,Weather
7/28/2023,AI2219,Air India,PNQ,BLR,226,No,Air Traffic
12/26/2021,AI3020,GoAir,PNQ,HYD,162,No,Weather
1/31/2020,AI9699,AirAsia India,BLR,CCU,215,No,Crew
12/2/2020,AI222,Air India,HYD,PNQ,173,No,Air Traffic
7/1/2020,AI1137,GoAir,HYD,BOM,,Yes,
11/12/2022,AI4963,IndiGo,MAA,CCU,237,No,Weather
6/27/2021,AI9284,Air India,PNQ,MAA,286,No,Late Arrival
1/9/2024,AI7891,IndiGo,HYD,CCU,97,No,Operational
1/2/2023,AI1324,IndiGo,CCU,BOM,220,No,Technical
10/30/2022,AI348,AirAsia India,BOM,CCU,102,No,Operational
2/16/2024,AI3321,Air India,CCU,PNQ,251,No,Weather
1/19/2024,AI1917,IndiGo,DEL,DEL,9,No,Air Traffic
5/8/2024,AI7424,AirAsia India,HYD,BOM,43,No,Weather
5/6/2024,AI673,AirAsia India,HYD,BLR,,Yes,
10/21/2021,AI5452,Air India,MAA,CCU,141,No,Late Arrival
6/8/2020,AI7454,AirAsia India,PNQ,DEL,237,No,Operational
11/3/2022,AI627,Air India,BOM,PNQ,282,No,Late Arrival
4/16/2023,AI5304,Air India,HYD,MAA,125,No,Late Arrival
2/15/2021,AI4730,SpiceJet,MAA,MAA,277,No,Technical
10/8/2022,AI804,IndiGo,MAA,PNQ,231,No,Late Arrival
2/22/2020,AI1626,Vistara,BOM,CCU,273,No,Late Arrival
2/11/2021,AI4496,Air India,CCU,MAA,180,No,Technical
4/26/2022,AI8666,IndiGo,CCU,BLR,34,No,Crew
11/11/2022,AI4632,AirAsia India,CCU,BOM,256,No,Crew
11/19/2022,AI517,GoAir,BLR,DEL,170,No,Air Traffic
12/3/2021,AI3035,Air India,PNQ,HYD,20,No,Technical
9/16/2020,AI4888,AirAsia India,PNQ,CCU,198,No,Air Traffic
5/13/2023,AI9107,AirAsia India,CCU,MAA,91,No,Air Traffic
12/18/2022,AI3659,AirAsia India,BOM,BOM,181,No,Late Arrival
2/3/2024,AI1200,AirAsia India,BLR,HYD,158,No,Air Traffic
2/14/2022,AI2021,AirAsia India,PNQ,BLR,71,No,Weather
1/29/2024,AI7006,Air India,CCU,MAA,104,No,Operational
11/1/2022,AI6023,Vistara,BLR,MAA,23,No,Weather
7/12/2024,AI7205,SpiceJet,BOM,DEL,223,No,Weather
8/6/2023,AI3733,AirAsia India,CCU,BLR,161,No,Late Arrival
4/29/2022,AI1746,AirAsia India,DEL,BLR,169,No,Operational
11/18/2024,AI9812,SpiceJet,HYD,CCU,149,No,Air Traffic
12/19/2020,AI1856,Air India,BOM,HYD,59,No,Operational
7/20/2024,AI8670,IndiGo,MAA,DEL,226,No,Air Traffic
1/3/2023,AI6479,GoAir,MAA,CCU,260,No,Crew
5/22/2022,AI7384,GoAir,BOM,DEL,260,No,Technical
10/5/2024,AI6384,IndiGo,MAA,BLR,194,No,Late Arrival
5/3/2024,AI208,Air India,PNQ,DEL,18,No,Air Traffic
6/2/2024,AI1172,GoAir,BOM,DEL,124,No,Air Traffic
1/4/2024,AI255,SpiceJet,DEL,DEL,164,No,Operational
9/17/2022,AI8324,IndiGo,BOM,BOM,52,No,Late Arrival
6/18/2023,AI5508,Vistara,CCU,BOM,43,No,Air Traffic
10/14/2022,AI8340,Air India,CCU,HYD,194,No,Crew
3/23/2023,AI7466,IndiGo,BLR,HYD,77,No,Weather
12/14/2024,AI2463,GoAir,MAA,PNQ,234,No,Air Traffic
1/24/2023,AI2442,Air India,HYD,BLR,,Yes,
10/15/2024,AI3374,SpiceJet,MAA,DEL,132,No,Operational
10/20/2020,AI8151,Air India,PNQ,BLR,71,No,Crew
7/27/2020,AI7734,Air India,BOM,BOM,61,No,Late Arrival
9/28/2023,AI4366,SpiceJet,HYD,DEL,259,No,Air Traffic
1/16/2023,AI9815,AirAsia India,HYD,CCU,291,No,Crew
3/28/2022,AI5020,SpiceJet,MAA,BOM,291,No,Crew
12/4/2024,AI2841,Air India,HYD,BOM,143,No,Crew
1/24/2021,AI1881,SpiceJet,HYD,BOM,207,No,Crew
11/20/2020,AI2635,AirAsia India,CCU,PNQ,92,No,Crew
7/28/2022,AI1288,IndiGo,DEL,DEL,5,No,Crew
6/7/2022,AI4439,SpiceJet,BOM,HYD,214,No,Technical
3/26/2023,AI921,SpiceJet,MAA,MAA,279,No,Late Arrival
10/29/2021,AI9417,Air India,CCU,CCU,300,No,Weather
8/1/2024,AI1908,IndiGo,PNQ,CCU,221,No,Late Arrival
9/24/2021,AI5410,Vistara,PNQ,BLR,,Yes,
7/30/2021,AI9555,Vistara,BLR,DEL,109,No,Operational
6/30/2024,AI5754,GoAir,HYD,HYD,130,No,Operational
8/9/2024,AI5226,SpiceJet,HYD,BOM,6,No,Late Arrival
5/16/2020,AI8311,SpiceJet,MAA,MAA,268,No,Crew
8/24/2024,AI6977,IndiGo,DEL,DEL,222,No,Technical
3/3/2021,AI4458,AirAsia India,DEL,DEL,149,No,Weather
1/15/2024,AI6049,Vistara,MAA,PNQ,240,No,Air Traffic
9/3/2021,AI2159,GoAir,MAA,HYD,216,No,Air Traffic
6/29/2022,AI4206,IndiGo,CCU,MAA,62,No,Crew
3/29/2022,AI3555,SpiceJet,PNQ,BOM,230,No,Late Arrival
5/20/2020,AI3993,Vistara,MAA,DEL,35,No,Air Traffic
1/11/2023,AI6558,GoAir,PNQ,CCU,167,No,Late Arrival
6/25/2020,AI641,Air India,BLR,CCU,203,No,Technical
7/16/2020,AI6840,Vistara,PNQ,MAA,88,No,Technical
9/15/2021,AI6691,GoAir,CCU,BOM,228,No,Late Arrival
5/10/2024,AI9966,IndiGo,HYD,MAA,158,No,Crew
11/21/2021,AI780,Air India,HYD,DEL,192,No,Crew
12/15/2023,AI6514,GoAir,PNQ,PNQ,168,No,Crew
2/4/2021,AI9940,GoAir,HYD,PNQ,253,No,Air Traffic
9/17/2024,AI2703,SpiceJet,HYD,CCU,288,No,Weather
4/15/2021,AI4953,AirAsia India,BOM,PNQ,44,No,Weather
8/5/2020,AI8569,Vistara,BLR,BLR,,Yes,
7/17/2022,AI7017,SpiceJet,CCU,MAA,92,No,Crew
10/18/2024,AI3253,Air India,CCU,PNQ,38,No,Late Arrival
9/23/2021,AI758,AirAsia India,HYD,BLR,165,No,Technical
8/8/2022,AI4337,GoAir,DEL,BLR,139,No,Operational
6/24/2022,AI1743,SpiceJet,CCU,HYD,,Yes,
6/23/2020,AI2638,AirAsia India,BLR,CCU,12,No,Technical
1/23/2020,AI5049,Vistara,MAA,MAA,290,No,Technical
10/14/2024,AI6972,Air India,BLR,BLR,272,No,Operational
8/22/2020,AI7642,IndiGo,HYD,DEL,19,No,Crew
11/2/2022,AI1636,SpiceJet,HYD,PNQ,,Yes,
1/29/2023,AI7646,Air India,BOM,HYD,59,No,Technical
7/17/2022,AI9864,IndiGo,PNQ,BOM,197,No,Operational
4/8/2024,AI5008,SpiceJet,CCU,PNQ,93,No,Air Traffic
6/6/2021,AI7567,Air India,PNQ,PNQ,231,No,Late Arrival
12/13/2024,AI3824,Air India,PNQ,PNQ,196,No,Late Arrival
1/15/2024,AI7029,AirAsia India,CCU,HYD,228,No,Late Arrival
3/6/2021,AI6740,SpiceJet,CCU,BOM,86,No,Crew
3/3/2022,AI7417,Air India,HYD,CCU,196,No,Technical
6/17/2024,AI3153,GoAir,CCU,MAA,216,No,Technical
10/2/2024,AI3234,SpiceJet,DEL,MAA,300,No,Weather
6/16/2021,AI9899,Air India,DEL,BOM,138,No,Late Arrival
9/5/2022,AI7253,AirAsia India,MAA,PNQ,282,No,Crew
10/12/2024,AI837,IndiGo,CCU,DEL,186,No,Operational
8/2/2024,AI8096,IndiGo,BOM,BOM,,Yes,
8/9/2023,AI3849,GoAir,MAA,BOM,215,No,Crew
3/20/2022,AI3834,SpiceJet,HYD,MAA,173,No,Technical
7/1/2022,AI2297,AirAsia India,CCU,BLR,64,No,Late Arrival
1/29/2023,AI1100,Air India,DEL,DEL,255,No,Weather
3/5/2024,AI1659,Air India,BOM,MAA,250,No,Air Traffic
8/20/2023,AI9181,IndiGo,MAA,HYD,38,No,Crew
5/20/2022,AI1243,AirAsia India,BOM,BOM,25,No,Weather
6/23/2021,AI9792,GoAir,CCU,BLR,167,No,Technical
10/20/2022,AI9813,IndiGo,BLR,DEL,16,No,Operational
4/25/2024,AI7883,IndiGo,BOM,CCU,124,No,Crew
10/10/2023,AI457,GoAir,BOM,DEL,236,No,Air Traffic
8/19/2023,AI9101,SpiceJet,HYD,DEL,100,No,Technical
2/28/2024,AI3198,Air India,DEL,PNQ,236,No,Late Arrival
8/8/2024,AI3507,SpiceJet,CCU,BOM,186,No,Crew
11/26/2024,AI1657,AirAsia India,BOM,BOM,21,No,Weather
8/14/2020,AI3945,Vistara,CCU,CCU,294,No,Crew
6/13/2023,AI3529,Vistara,DEL,CCU,291,No,Technical
5/22/2022,AI480,Vistara,HYD,CCU,195,No,Technical
6/10/2022,AI2201,GoAir,CCU,MAA,,Yes,
1/18/2024,AI113,IndiGo,PNQ,MAA,34,No,Weather
11/2/2022,AI8476,SpiceJet,DEL,BOM,223,No,Air Traffic
7/28/2020,AI1386,Air India,DEL,BOM,263,No,Technical
1/10/2022,AI1388,Vistara,MAA,CCU,299,No,Crew
1/31/2021,AI9982,SpiceJet,HYD,MAA,263,No,Air Traffic
1/28/2023,AI8753,Vistara,HYD,BLR,26,No,Weather
1/31/2020,AI876,Vistara,PNQ,MAA,211,No,Technical
6/16/2022,AI7290,Air India,CCU,BOM,5,No,Technical
3/31/2024,AI7176,AirAsia India,BLR,MAA,160,No,Crew
10/10/2021,AI1749,AirAsia India,PNQ,BOM,84,No,Technical
11/24/2020,AI1398,AirAsia India,MAA,CCU,226,No,Crew
4/4/2023,AI3404,GoAir,HYD,PNQ,18,No,Late Arrival
1/22/2024,AI1711,IndiGo,DEL,CCU,87,No,Air Traffic
8/9/2022,AI6359,GoAir,HYD,CCU,280,No,Crew
1/28/2023,AI5800,SpiceJet,PNQ,BLR,172,No,Operational
9/12/2021,AI1439,GoAir,BLR,PNQ,274,No,Technical
4/11/2023,AI4731,SpiceJet,BOM,BLR,294,No,Late Arrival
11/7/2024,AI3187,SpiceJet,BOM,BOM,230,No,Air Traffic
6/10/2020,AI3158,IndiGo,HYD,DEL,159,No,Weather
10/17/2024,AI7726,Air India,HYD,HYD,180,No,Operational
2/14/2022,AI5924,IndiGo,MAA,BLR,278,No,Weather
7/10/2023,AI3003,AirAsia India,HYD,BOM,99,No,Operational
9/30/2020,AI8927,AirAsia India,BLR,PNQ,12,No,Late Arrival
10/23/2022,AI8685,GoAir,HYD,MAA,20,No,Air Traffic
11/17/2022,AI3618,SpiceJet,CCU,PNQ,90,No,Late Arrival
11/21/2020,AI5423,Vistara,PNQ,CCU,135,No,Late Arrival
7/28/2022,AI3735,Vistara,BLR,CCU,252,No,Operational
3/18/2023,AI8725,SpiceJet,MAA,CCU,46,No,Crew
6/23/2021,AI1439,IndiGo,CCU,BOM,93,No,Air Traffic
5/2/2021,AI7092,Air India,CCU,CCU,204,No,Weather
4/1/2022,AI5237,IndiGo,PNQ,BLR,299,No,Crew
1/1/2024,AI1425,SpiceJet,BOM,MAA,,Yes,
12/24/2022,AI7845,SpiceJet,BLR,CCU,269,No,Crew
12/21/2020,AI9096,Air India,PNQ,BOM,201,No,Technical
4/5/2024,AI6851,GoAir,CCU,MAA,45,No,Weather
6/29/2023,AI4477,GoAir,MAA,CCU,2,No,Operational
8/22/2020,AI4518,Air India,PNQ,DEL,40,No,Technical
8/14/2020,AI1653,GoAir,BOM,CCU,115,No,Technical
3/28/2024,AI8817,Vistara,CCU,HYD,42,No,Late Arrival
8/29/2023,AI3509,GoAir,PNQ,PNQ,127,No,Operational
2/18/2020,AI251,GoAir,BLR,BLR,247,No,Crew
4/27/2020,AI9546,GoAir,BOM,MAA,171,No,Air Traffic
2/23/2020,AI8862,Vistara,BLR,BLR,46,No,Crew
7/31/2024,AI3367,GoAir,BLR,DEL,184,No,Crew
7/18/2021,AI8044,AirAsia India,BLR,DEL,197,No,Late Arrival
12/3/2022,AI3337,Vistara,PNQ,HYD,211,No,Crew
2/22/2020,AI5615,Air India,BOM,BLR,72,No,Weather
5/28/2024,AI827,IndiGo,PNQ,MAA,182,No,Crew
7/11/2021,AI1139,Air India,PNQ,DEL,253,No,Crew
3/28/2024,AI6173,IndiGo,PNQ,DEL,125,No,Weather
8/27/2024,AI285,Air India,CCU,CCU,128,No,Late Arrival
1/30/2023,AI3580,AirAsia India,HYD,HYD,98,No,Technical
12/20/2024,AI1092,IndiGo,DEL,PNQ,271,No,Operational
11/28/2024,AI134,IndiGo,CCU,BOM,263,No,Late Arrival
5/17/2022,AI6983,SpiceJet,BOM,PNQ,277,No,Crew
2/1/2021,AI1177,IndiGo,DEL,PNQ,23,No,Technical
3/7/2023,AI534,IndiGo,DEL,DEL,27,No,Operational
11/5/2021,AI4904,SpiceJet,DEL,MAA,136,No,Operational
1/21/2021,AI7784,GoAir,HYD,MAA,,Yes,
4/20/2020,AI4332,GoAir,PNQ,CCU,197,No,Operational
9/5/2021,AI6738,SpiceJet,MAA,MAA,171,No,Weather
1/17/2020,AI4965,Vistara,BOM,CCU,153,No,Weather
12/8/2024,AI9702,IndiGo,HYD,DEL,278,No,Technical
4/20/2023,AI7607,IndiGo,HYD,DEL,63,No,Crew
6/2/2022,AI5573,SpiceJet,MAA,PNQ,217,No,Technical
4/8/2024,AI4525,SpiceJet,DEL,DEL,241,No,Crew
6/24/2021,AI8012,Vistara,PNQ,DEL,108,No,Late Arrival
6/19/2020,AI1544,AirAsia India,MAA,BOM,227,No,Operational
2/12/2021,AI4376,GoAir,MAA,HYD,193,No,Operational
1/9/2022,AI671,Air India,HYD,PNQ,98,No,Weather
11/2/2023,AI6263,AirAsia India,BOM,PNQ,160,No,Late Arrival
4/26/2023,AI1276,GoAir,BLR,HYD,169,No,Air Traffic
5/7/2022,AI9393,IndiGo,PNQ,BOM,135,No,Late Arrival
8/17/2020,AI5907,AirAsia India,MAA,DEL,209,No,Crew
4/28/2020,AI3995,SpiceJet,PNQ,MAA,200,No,Late Arrival
3/25/2023,AI4696,Vistara,MAA,CCU,70,No,Weather
2/22/2022,AI9045,GoAir,DEL,PNQ,197,No,Crew
9/6/2024,AI6811,Vistara,PNQ,HYD,57,No,Technical
4/9/2021,AI5364,GoAir,DEL,BLR,106,No,Crew
4/13/2020,AI653,AirAsia India,HYD,CCU,244,No,Technical
6/15/2024,AI6818,IndiGo,DEL,BLR,56,No,Air Traffic
11/28/2021,AI630,Air India,PNQ,BLR,233,No,Crew
12/23/2024,AI2562,Vistara,CCU,PNQ,64,No,Operational
3/5/2024,AI6917,Vistara,PNQ,DEL,268,No,Air Traffic
9/12/2024,AI5791,Air India,MAA,BLR,297,No,Technical
9/1/2024,AI823,Vistara,DEL,DEL,7,No,Weather
9/18/2024,AI5800,Vistara,BOM,BOM,25,No,Air Traffic
6/23/2020,AI7032,GoAir,CCU,MAA,103,No,Air Traffic
10/23/2024,AI4494,GoAir,HYD,BLR,119,No,Air Traffic
1/14/2022,AI5283,Air India,BLR,PNQ,33,No,Technical
8/24/2024,AI892,IndiGo,MAA,MAA,225,No,Technical
12/15/2023,AI2587,AirAsia India,MAA,DEL,203,No,Crew
3/3/2023,AI3823,AirAsia India,BOM,BLR,101,No,Operational
11/15/2023,AI2375,Vistara,BLR,CCU,15,No,Air Traffic
10/25/2024,AI2197,IndiGo,BLR,PNQ,282,No,Crew
3/4/2024,AI492,Air India,HYD,BOM,103,No,Crew
10/26/2021,AI7895,Air India,HYD,HYD,190,No,Operational
2/2/2020,AI4775,GoAir,CCU,BOM,219,No,Crew
2/24/2020,AI6476,Vistara,MAA,BLR,287,No,Operational
6/2/2021,AI6022,SpiceJet,DEL,PNQ,21,No,Weather
1/25/2022,AI3495,Air India,HYD,BOM,221,No,Operational
7/19/2024,AI8064,Vistara,BOM,HYD,44,No,Late Arrival
1/12/2020,AI8395,IndiGo,BOM,CCU,52,No,Operational
3/31/2024,AI1491,GoAir,BOM,MAA,85,No,Operational
12/20/2021,AI4518,AirAsia India,PNQ,CCU,259,No,Late Arrival
7/8/2021,AI7507,IndiGo,HYD,BOM,173,No,Operational
1/7/2021,AI3079,Air India,HYD,HYD,105,No,Technical
4/28/2021,AI2288,Air India,BOM,MAA,72,No,Crew
8/30/2022,AI350,IndiGo,HYD,PNQ,290,No,Crew
7/28/2024,AI1796,Air India,PNQ,HYD,154,No,Weather
6/5/2023,AI9117,Vistara,DEL,CCU,220,No,Weather
9/14/2021,AI6982,Air India,DEL,DEL,152,No,Late Arrival
11/2/2020,AI8642,GoAir,CCU,DEL,165,No,Technical
4/1/2021,AI3260,Vistara,MAA,MAA,62,No,Weather
6/8/2020,AI3359,SpiceJet,DEL,MAA,90,No,Crew
11/26/2020,AI6731,Air India,CCU,MAA,100,No,Weather
2/14/2022,AI5411,Air India,BLR,DEL,107,No,Weather
8/12/2020,AI2205,GoAir,MAA,CCU,240,No,Operational
9/9/2022,AI9704,GoAir,DEL,MAA,138,No,Weather
12/29/2021,AI7762,AirAsia India,PNQ,DEL,265,No,Late Arrival
3/7/2024,AI3773,IndiGo,BLR,MAA,242,No,Crew
1/19/2024,AI219,IndiGo,CCU,MAA,41,No,Late Arrival
12/4/2022,AI2310,IndiGo,DEL,HYD,82,No,Late Arrival
5/22/2023,AI2700,GoAir,DEL,MAA,269,No,Air Traffic
12/18/2022,AI4415,IndiGo,HYD,DEL,71,No,Technical
10/5/2021,AI960,IndiGo,BLR,CCU,298,No,Air Traffic
9/7/2021,AI5612,SpiceJet,DEL,DEL,77,No,Air Traffic
7/13/2020,AI6073,IndiGo,BOM,DEL,229,No,Operational
5/3/2021,AI2669,Air India,PNQ,MAA,183,No,Late Arrival
6/5/2020,AI6209,AirAsia India,HYD,HYD,40,No,Technical
9/1/2021,AI1919,GoAir,HYD,BLR,137,No,Crew
6/3/2023,AI3435,Vistara,DEL,PNQ,22,No,Crew
2/15/2021,AI9880,AirAsia India,PNQ,BLR,110,No,Technical
5/13/2023,AI725,SpiceJet,HYD,BLR,245,No,Late Arrival
1/7/2023,AI2847,GoAir,MAA,DEL,122,No,Late Arrival
2/21/2023,AI9444,GoAir,BLR,MAA,142,No,Operational
4/15/2021,AI8275,Air India,MAA,PNQ,259,No,Operational
5/26/2023,AI9003,AirAsia India,CCU,BLR,122,No,Air Traffic
5/30/2021,AI4743,AirAsia India,MAA,BOM,216,No,Crew
6/13/2024,AI162,IndiGo,PNQ,BOM,230,No,Operational
2/1/2023,AI5903,Air India,BOM,BOM,138,No,Technical
1/27/2021,AI5401,IndiGo,HYD,CCU,84,No,Crew
9/22/2021,AI3513,IndiGo,PNQ,MAA,93,No,Late Arrival
7/26/2024,AI3325,GoAir,HYD,DEL,53,No,Crew
8/30/2021,AI5628,AirAsia India,BOM,DEL,249,No,Weather
9/6/2022,AI2187,IndiGo,HYD,MAA,,Yes,
3/9/2021,AI9594,SpiceJet,MAA,HYD,218,No,Crew
9/16/2023,AI2640,SpiceJet,CCU,PNQ,87,No,Operational
3/12/2023,AI4125,AirAsia India,DEL,HYD,156,No,Technical
12/28/2024,AI7065,SpiceJet,BOM,CCU,237,No,Late Arrival
6/23/2021,AI8021,GoAir,MAA,MAA,149,No,Late Arrival
10/4/2020,AI8009,Air India,PNQ,HYD,146,No,Operational
8/20/2020,AI5991,Vistara,MAA,PNQ,35,No,Operational
4/1/2024,AI8009,IndiGo,MAA,CCU,5,No,Operational
5/13/2024,AI8968,Vistara,DEL,BLR,250,No,Weather
1/18/2023,AI1256,Air India,BLR,BLR,155,No,Technical
2/24/2024,AI3176,Air India,HYD,CCU,37,No,Weather
5/7/2023,AI6186,GoAir,HYD,MAA,228,No,Operational
12/27/2020,AI6911,SpiceJet,PNQ,BLR,25,No,Technical
1/4/2024,AI1876,SpiceJet,CCU,MAA,237,No,Operational
1/26/2020,AI1175,Air India,PNQ,HYD,26,No,Technical
11/14/2022,AI1116,GoAir,BLR,BLR,206,No,Late Arrival
11/18/2023,AI2309,GoAir,HYD,PNQ,261,No,Weather
5/21/2021,AI7971,AirAsia India,CCU,PNQ,178,No,Air Traffic
8/17/2023,AI8871,IndiGo,PNQ,HYD,213,No,Operational
9/24/2023,AI7774,SpiceJet,CCU,PNQ,254,No,Operational
9/23/2020,AI6091,Air India,MAA,MAA,295,No,Crew
4/5/2021,AI5569,AirAsia India,BOM,MAA,141,No,Air Traffic
9/12/2024,AI6782,Vistara,MAA,PNQ,86,No,Late Arrival
3/31/2021,AI1462,SpiceJet,DEL,BOM,145,No,Operational
10/15/2023,AI8010,IndiGo,HYD,CCU,138,No,Weather
12/27/2022,AI9573,GoAir,CCU,DEL,52,No,Late Arrival
10/3/2022,AI7459,Air India,PNQ,CCU,245,No,Operational
5/12/2022,AI9178,SpiceJet,BOM,PNQ,274,No,Weather
12/6/2023,AI8048,Vistara,PNQ,MAA,207,No,Crew
5/5/2021,AI9232,IndiGo,HYD,MAA,211,No,Crew
12/8/2022,AI5752,IndiGo,CCU,CCU,215,No,Weather
9/6/2024,AI6499,AirAsia India,CCU,MAA,210,No,Late Arrival
7/17/2021,AI7606,SpiceJet,MAA,HYD,262,No,Weather
1/30/2023,AI1910,Vistara,BOM,BLR,248,No,Air Traffic
8/3/2020,AI1037,IndiGo,BOM,MAA,262,No,Weather
1/1/2024,AI9077,Air India,HYD,PNQ,287,No,Crew
9/19/2024,AI3364,IndiGo,CCU,PNQ,17,No,Crew
5/11/2024,AI6057,Vistara,BOM,CCU,0,No,
7/12/2021,AI3167,GoAir,BOM,CCU,16,No,Crew
6/7/2020,AI8772,GoAir,PNQ,CCU,48,No,Air Traffic
5/3/2021,AI4369,AirAsia India,HYD,PNQ,279,No,Operational
11/16/2021,AI142,SpiceJet,MAA,BOM,67,No,Air Traffic
6/19/2023,AI2922,Vistara,PNQ,PNQ,158,No,Operational
3/4/2022,AI7640,AirAsia India,PNQ,HYD,286,No,Air Traffic
11/11/2024,AI3560,IndiGo,BLR,PNQ,240,No,Technical
1/5/2020,AI2317,IndiGo,DEL,HYD,85,No,Operational
6/7/2024,AI8475,GoAir,BLR,PNQ,287,No,Late Arrival
12/26/2020,AI6490,AirAsia India,BOM,PNQ,54,No,Late Arrival
4/3/2021,AI9327,GoAir,CCU,BOM,96,No,Crew
9/4/2020,AI5541,Air India,DEL,HYD,175,No,Air Traffic
5/8/2024,AI1202,GoAir,DEL,BOM,128,No,Weather
8/23/2024,AI8870,Air India,CCU,HYD,23,No,Crew
8/3/2022,AI7201,IndiGo,DEL,BOM,221,No,Weather
2/25/2021,AI7865,AirAsia India,CCU,BOM,231,No,Air Traffic
10/27/2024,AI4952,Air India,DEL,HYD,134,No,Crew
1/15/2020,AI4842,AirAsia India,PNQ,BOM,22,No,Crew
1/5/2022,AI6646,AirAsia India,HYD,PNQ,286,No,Late Arrival
5/15/2024,AI9809,Air India,HYD,HYD,229,No,Weather
2/19/2023,AI384,SpiceJet,BLR,BOM,211,No,Technical
10/3/2020,AI7269,GoAir,PNQ,PNQ,37,No,Technical
4/30/2024,AI6279,Air India,DEL,PNQ,99,No,Crew
3/28/2021,AI3944,IndiGo,MAA,CCU,292,No,Air Traffic
11/14/2023,AI9988,AirAsia India,CCU,DEL,283,No,Crew
8/10/2023,AI9611,Vistara,PNQ,HYD,263,No,Late Arrival
5/16/2024,AI8704,Air India,DEL,BOM,109,No,Weather
8/20/2021,AI4000,GoAir,HYD,CCU,288,No,Crew
3/21/2021,AI9868,AirAsia India,HYD,DEL,196,No,Air Traffic
7/28/2020,AI379,SpiceJet,CCU,BOM,41,No,Technical
6/1/2024,AI5877,IndiGo,MAA,DEL,136,No,Weather
12/14/2021,AI6497,SpiceJet,DEL,HYD,259,No,Crew
10/28/2020,AI4635,Vistara,DEL,PNQ,34,No,Weather
5/31/2023,AI1704,Air India,MAA,PNQ,220,No,Late Arrival
10/23/2024,AI6433,AirAsia India,MAA,DEL,218,No,Technical
1/3/2020,AI5774,Air India,MAA,PNQ,275,No,Air Traffic
9/16/2022,AI7168,GoAir,HYD,BLR,157,No,Weather
3/21/2024,AI3868,Air India,CCU,MAA,58,No,Technical
1/21/2023,AI4744,IndiGo,PNQ,PNQ,207,No,Crew
6/3/2021,AI901,Vistara,MAA,BLR,181,No,Air Traffic
12/22/2023,AI9827,SpiceJet,CCU,HYD,41,No,Air Traffic
5/7/2021,AI1513,Vistara,BLR,HYD,141,No,Operational
6/12/2023,AI6322,AirAsia India,DEL,DEL,63,No,Weather
9/11/2021,AI7335,Air India,DEL,PNQ,265,No,Technical
3/30/2023,AI156,AirAsia India,BOM,PNQ,247,No,Weather
10/10/2024,AI2282,SpiceJet,BLR,PNQ,115,No,Crew
11/10/2024,AI8805,AirAsia India,PNQ,CCU,272,No,Crew
11/26/2020,AI6958,GoAir,MAA,BOM,105,No,Air Traffic
11/28/2020,AI6381,Vistara,MAA,MAA,146,No,Air Traffic
2/19/2020,AI9832,SpiceJet,PNQ,PNQ,77,No,Technical
3/26/2024,AI9634,SpiceJet,HYD,BOM,78,No,Late Arrival
5/12/2022,AI9908,SpiceJet,BLR,CCU,93,No,Weather
8/18/2024,AI800,IndiGo,MAA,HYD,111,No,Weather
2/24/2024,AI4606,Vistara,BOM,MAA,43,No,Crew
5/24/2024,AI4087,AirAsia India,CCU,BLR,194,No,Weather
8/31/2024,AI5846,SpiceJet,DEL,HYD,,Yes,
9/28/2020,AI3666,Vistara,BLR,HYD,226,No,Technical
8/2/2021,AI9468,SpiceJet,DEL,DEL,232,No,Operational
6/29/2023,AI8964,GoAir,CCU,CCU,55,No,Air Traffic
7/13/2021,AI5255,GoAir,BLR,DEL,71,No,Crew
11/26/2021,AI5909,GoAir,CCU,DEL,59,No,Air Traffic
9/18/2024,AI6807,Air India,MAA,BOM,54,No,Air Traffic
1/18/2023,AI9529,SpiceJet,PNQ,HYD,60,No,Air Traffic
3/21/2021,AI2782,Air India,MAA,CCU,86,No,Operational
10/13/2022,AI1483,Vistara,PNQ,DEL,48,No,Weather
9/17/2023,AI8668,Air India,MAA,BLR,228,No,Late Arrival
3/8/2023,AI2738,Vistara,CCU,MAA,58,No,Air Traffic
12/22/2020,AI9198,Vistara,CCU,PNQ,171,No,Technical
6/12/2024,AI9804,Vistara,CCU,CCU,292,No,Air Traffic
9/30/2020,AI8601,AirAsia India,DEL,BOM,43,No,Air Traffic
11/8/2022,AI3356,Air India,CCU,CCU,296,No,Weather
11/6/2020,AI5586,AirAsia India,MAA,HYD,222,No,Technical
5/19/2022,AI9883,SpiceJet,BOM,BOM,110,No,Weather
6/4/2022,AI343,Air India,CCU,MAA,255,No,Air Traffic
6/2/2020,AI9260,SpiceJet,BOM,BLR,185,No,Weather
11/14/2023,AI3982,SpiceJet,PNQ,DEL,278,No,Weather
7/7/2023,AI4760,Vistara,MAA,CCU,254,No,Crew
9/11/2021,AI8694,Air India,CCU,BOM,84,No,Operational
6/1/2022,AI3213,SpiceJet,DEL,MAA,75,No,Late Arrival
3/7/2022,AI6560,GoAir,DEL,DEL,293,No,Operational
5/13/2024,AI9461,SpiceJet,PNQ,PNQ,281,No,Operational
5/4/2020,AI6067,GoAir,BOM,MAA,43,No,Technical
10/9/2023,AI2821,Air India,HYD,BLR,,Yes,
7/20/2023,AI9941,AirAsia India,DEL,DEL,196,No,Crew
9/10/2021,AI2592,Air India,DEL,DEL,278,No,Crew
9/1/2020,AI3708,AirAsia India,DEL,PNQ,29,No,Weather
4/27/2022,AI564,AirAsia India,MAA,DEL,173,No,Operational
3/25/2021,AI6659,Air India,DEL,BOM,189,No,Late Arrival
7/18/2022,AI1058,SpiceJet,BLR,DEL,252,No,Technical
6/24/2023,AI3333,IndiGo,CCU,MAA,73,No,Crew
6/3/2021,AI5534,SpiceJet,PNQ,BOM,175,No,Weather
3/10/2023,AI4309,SpiceJet,DEL,DEL,26,No,Late Arrival
12/27/2020,AI7356,Vistara,HYD,MAA,14,No,Operational
1/8/2020,AI3466,Vistara,HYD,MAA,139,No,Late Arrival
4/22/2021,AI8132,SpiceJet,DEL,CCU,217,No,Crew
10/7/2023,AI1629,GoAir,DEL,MAA,199,No,Technical
5/9/2021,AI2604,AirAsia India,BLR,PNQ,267,No,Operational
6/17/2024,AI1482,Vistara,DEL,HYD,165,No,Technical
4/12/2022,AI1373,SpiceJet,DEL,BLR,197,No,Air Traffic
